TaxaName,Taxa,frequencyPresentInShotgun,medianRelAbdInShotgun
Enterobacterales,Order,1,0.004173059
Veillonellales,Order,1,0.000904147
Clostridiaceae,Family,1,0.000959295
Planococcaceae,Family,1,0.000100976
Clostridium,Genus,1,0.000638808
Escherichia,Genus,1,0.000647988
Betaproteobacteria,Class,0.997468354,0.000527866
Cytophagia,Class,0.997468354,0.000170623
Epsilonproteobacteria,Class,0.997468354,0.000301947
Flavobacteriia,Class,0.997468354,0.000425735
Tissierellia,Class,0.997468354,0.000108644
Burkholderiales,Order,0.997468354,0.000370788
Cytophagales,Order,0.997468354,0.000170623
Eggerthellales,Order,0.997468354,5.24E-05
Pseudomonadales,Order,0.997468354,0.000448106
Rhodobacterales,Order,0.997468354,0.000117417
Streptomycetales,Order,0.997468354,0.000222975
Tissierellales,Order,0.997468354,0.000108644
Moraxellaceae,Family,0.997468354,8.70E-05
Paenibacillaceae,Family,0.997468354,0.000574966
Peptoniphilaceae,Family,0.997468354,7.56E-05
Pseudomonadaceae,Family,0.997468354,0.000326518
Rhodobacteraceae,Family,0.997468354,0.000110529
Streptomycetaceae,Family,0.997468354,0.000222975
Acinetobacter,Genus,0.997468354,7.28E-05
Citrobacter,Genus,0.997468354,0.000210164
Enterocloster,Genus,0.997468354,0.001812538
Jeotgalibaca,Genus,0.997468354,6.88E-05
Mediterraneibacter,Genus,0.997468354,0.000618277
Paenibacillus,Genus,0.997468354,0.000438945
Pseudomonas,Genus,0.997468354,0.000316754
Schaalia,Genus,0.997468354,0.00091534
Solibacillus,Genus,0.997468354,4.23E-05
Streptomyces,Genus,0.997468354,0.000215797
Micromonosporales,Order,0.994936709,4.72E-05
Neisseriales,Order,0.994936709,7.66E-05
Vibrionales,Order,0.994936709,0.000128863
Comamonadaceae,Family,0.994936709,7.08E-05
Listeriaceae,Family,0.994936709,0.000155317
Micromonosporaceae,Family,0.994936709,4.72E-05
Vibrionaceae,Family,0.994936709,0.000128863
Limosilactobacillus,Genus,0.994936709,2.90E-05
Listeria,Genus,0.994936709,0.000148584
Lysinibacillus,Genus,0.994936709,2.47E-05
Ruthenibacterium,Genus,0.994936709,0.000266449
Salmonella,Genus,0.994936709,9.06E-05
Vibrio,Genus,0.994936709,0.00011762
Alteromonadales,Order,0.992405063,0.000163181
Oceanospirillales,Order,0.992405063,8.21E-05
Sphingomonadales,Order,0.992405063,8.20E-05
Bradyrhizobiaceae,Family,0.992405063,5.34E-05
Morganellaceae,Family,0.992405063,0.000118035
Mycobacteriaceae,Family,0.992405063,8.25E-05
Sphingomonadaceae,Family,0.992405063,6.32E-05
Weeksellaceae,Family,0.992405063,0.000120722
Anaerobutyricum,Genus,0.992405063,0.000460832
Brevibacillus,Genus,0.992405063,8.98E-05
Burkholderia,Genus,0.992405063,4.90E-05
Chryseobacterium,Genus,0.992405063,9.06E-05
Lactiplantibacillus,Genus,0.992405063,8.92E-05
Liquorilactobacillus,Genus,0.992405063,1.81E-05
Mycobacterium,Genus,0.992405063,3.47E-05
Tetragenococcus,Genus,0.992405063,5.61E-05
Alcaligenaceae,Family,0.989873418,7.62E-05
Erwiniaceae,Family,0.989873418,0.000176821
Hymenobacteraceae,Family,0.989873418,5.49E-05
Odoribacteraceae,Family,0.989873418,5.56E-05
Rhizobiaceae,Family,0.989873418,0.000100693
Yersiniaceae,Family,0.989873418,0.000229109
Aerococcus,Genus,0.989873418,2.24E-05
Arcobacter,Genus,0.989873418,3.26E-05
Enterobacter,Genus,0.989873418,0.000194521
Lentibacillus,Genus,0.989873418,2.53E-05
Sporosarcina,Genus,0.989873418,1.69E-05
Vagococcus,Genus,0.989873418,3.82E-05
Thermoanaerobacterales,Order,0.987341772,7.78E-05
Alteromonadaceae,Family,0.987341772,5.27E-05
Oxalobacteraceae,Family,0.987341772,5.14E-05
Phyllobacteriaceae,Family,0.987341772,4.22E-05
Alkalihalobacillus,Genus,0.987341772,1.89E-05
Anoxybacillus,Genus,0.987341772,8.17E-06
Arthrobacter,Genus,0.987341772,4.00E-05
Microbacterium,Genus,0.987341772,4.38E-05
Sphingomonas,Genus,0.987341772,2.27E-05
Xanthomonas,Genus,0.987341772,2.34E-05
Chromatiales,Order,0.984810127,3.46E-05
Pseudonocardiales,Order,0.984810127,4.92E-05
Acetobacteraceae,Family,0.984810127,3.41E-05
Halomonadaceae,Family,0.984810127,4.44E-05
Helicobacteraceae,Family,0.984810127,3.68E-05
Nocardioidaceae,Family,0.984810127,4.06E-05
Pectobacteriaceae,Family,0.984810127,0.000114981
Pseudonocardiaceae,Family,0.984810127,4.92E-05
Mycolicibacterium,Genus,0.984810127,3.53E-05
Peribacillus,Genus,0.984810127,1.10E-05
Rhizobium,Genus,0.984810127,5.78E-05
Sphingobacteriia,Class,0.982278481,0.0001112
Myxococcales,Order,0.982278481,3.52E-05
Sphingobacteriales,Order,0.982278481,0.000107747
Thiotrichales,Order,0.982278481,3.82E-05
Hungateiclostridiaceae,Family,0.982278481,5.76E-05
Pseudoalteromonadaceae,Family,0.982278481,3.02E-05
Sphingobacteriaceae,Family,0.982278481,0.000107747
Actinoplanes,Genus,0.982278481,9.09E-06
Cupriavidus,Genus,0.982278481,2.25E-05
Desulfotomaculum,Genus,0.982278481,1.95E-05
Helicobacter,Genus,0.982278481,2.30E-05
Longibaculum,Genus,0.982278481,0.000100497
Pseudoalteromonas,Genus,0.982278481,3.02E-05
Ralstonia,Genus,0.982278481,1.21E-05
Chlamydiae,Phylum,0.979746835,9.53E-06
Chlamydiia,Class,0.979746835,9.53E-06
Halobacteria,Class,0.979746835,2.68E-05
Aeromonadaceae,Family,0.979746835,5.52E-05
Methylobacteriaceae,Family,0.979746835,1.94E-05
Oscillospiraceae,Family,0.979746835,0.000194562
Shewanellaceae,Family,0.979746835,4.41E-05
Aeromonas,Genus,0.979746835,4.60E-05
Oenococcus,Genus,0.979746835,7.91E-06
Pasteurella,Genus,0.979746835,6.52E-06
Variovorax,Genus,0.979746835,1.51E-05
Entomoplasmatales,Order,0.97721519,2.48E-05
Clostridiales Family XIII. Incertae Sedis,Family,0.97721519,0.000285627
Sporomusaceae,Family,0.97721519,2.21E-05
Cytobacillus,Genus,0.97721519,3.05E-05
Erysipelothrix,Genus,0.97721519,4.22E-05
Shewanella,Genus,0.97721519,4.15E-05
Cyclobacteriaceae,Family,0.974683544,3.34E-05
Rhodospirillaceae,Family,0.974683544,4.14E-05
Thermoactinomycetaceae,Family,0.974683544,1.17E-05
Halomonas,Genus,0.974683544,3.05E-05
Hymenobacter,Genus,0.974683544,2.94E-05
Macrococcus,Genus,0.974683544,4.24E-06
Mesorhizobium,Genus,0.974683544,2.70E-05
Pantoea,Genus,0.974683544,7.09E-05
Ruminococcus,Genus,0.974683544,8.09E-05
Cellvibrionales,Order,0.972151899,3.27E-05
Nitrosomonadales,Order,0.972151899,3.93E-05
Brevibacteriaceae,Family,0.972151899,2.14E-05
Cytophagaceae,Family,0.972151899,5.71E-05
Selenomonadaceae,Family,0.972151899,5.15E-05
Spiroplasmataceae,Family,0.972151899,1.90E-05
Thermoanaerobacteraceae,Family,0.972151899,2.76E-05
Amedibacterium,Genus,0.972151899,0.000196984
Brevibacterium,Genus,0.972151899,2.14E-05
Mannheimia,Genus,0.972151899,1.32E-05
Spiroplasma,Genus,0.972151899,1.90E-05
Treponema,Genus,0.972151899,3.14E-05
Nocardia,Genus,0.969620253,2.60E-05
Planococcus,Genus,0.969620253,2.03E-05
Yersinia,Genus,0.969620253,5.37E-05
Planctomycetes,Phylum,0.967088608,3.51E-05
Intrasporangiaceae,Family,0.967088608,1.75E-05
Lacrimispora,Genus,0.967088608,0.000198634
Nocardioides,Genus,0.967088608,2.52E-05
Deferribacteres,Phylum,0.964556962,9.95E-06
Chitinophagia,Class,0.964556962,6.57E-05
Deferribacteres,Class,0.964556962,9.95E-06
Acholeplasmatales,Order,0.964556962,1.51E-05
Chitinophagales,Order,0.964556962,6.25E-05
Deferribacterales,Order,0.964556962,9.95E-06
Acholeplasmataceae,Family,0.964556962,1.51E-05
Chitinophagaceae,Family,0.964556962,6.25E-05
Deferribacteraceae,Family,0.964556962,9.95E-06
Polaribacter,Genus,0.964556962,1.82E-05
Acidaminococcales,Order,0.962025316,5.72E-05
Caulobacterales,Order,0.962025316,2.29E-05
Desulfuromonadales,Order,0.962025316,4.22E-05
Caulobacteraceae,Family,0.962025316,2.29E-05
Cellulomonadaceae,Family,0.962025316,1.37E-05
Chromobacteriaceae,Family,0.962025316,2.49E-05
Thermoanaerobacterales Family III. Incertae Sedis,Family,0.962025316,3.45E-05
Marinobacter,Genus,0.962025316,2.00E-05
Mycoplasmopsis,Genus,0.962025316,1.78E-05
Bordetella,Genus,0.959493671,2.19E-05
Kocuria,Genus,0.959493671,1.42E-05
Lancefieldella,Genus,0.959493671,7.15E-05
Massilia,Genus,0.959493671,1.77E-05
Paraburkholderia,Genus,0.959493671,3.21E-05
Raoultella,Genus,0.959493671,3.69E-05
Sphingobacterium,Genus,0.959493671,2.93E-05
Planctomycetia,Class,0.956962025,2.71E-05
Methylococcales,Order,0.956962025,2.12E-05
Methylococcaceae,Family,0.956962025,2.12E-05
Leclercia,Genus,0.956962025,3.99E-05
Marinilactibacillus,Genus,0.956962025,7.66E-06
Oceanobacillus,Genus,0.956962025,7.37E-06
Providencia,Genus,0.956962025,3.78E-05
Thermotogae,Phylum,0.95443038,2.29E-05
Thermotogae,Class,0.95443038,2.29E-05
Deinococcales,Order,0.95443038,1.99E-05
Halobacteriales,Order,0.95443038,1.35E-05
Parachlamydiales,Order,0.95443038,3.78E-06
Streptosporangiales,Order,0.95443038,2.48E-05
Deinococcaceae,Family,0.95443038,1.99E-05
Hyphomicrobiaceae,Family,0.95443038,1.47E-05
Capnocytophaga,Genus,0.95443038,2.00E-05
Cellulomonas,Genus,0.95443038,9.14E-06
Deinococcus,Genus,0.95443038,1.99E-05
Metabacillus,Genus,0.95443038,6.42E-06
Pedobacter,Genus,0.95443038,3.55E-05
Pseudonocardia,Genus,0.95443038,1.10E-05
Alicyclobacillaceae,Family,0.951898734,1.14E-05
Chromatiaceae,Family,0.951898734,1.32E-05
Dermabacteraceae,Family,0.951898734,1.64E-05
Geobacteraceae,Family,0.951898734,3.03E-05
Butyrivibrio,Genus,0.951898734,8.43E-05
Micromonospora,Genus,0.951898734,2.65E-05
Pectobacterium,Genus,0.951898734,3.23E-05
Polynucleobacter,Genus,0.951898734,9.85E-06
Selenomonas,Genus,0.951898734,3.01E-05
Sphingobium,Genus,0.951898734,1.52E-05
Spirosoma,Genus,0.951898734,2.87E-05
Methanomicrobia,Class,0.949367089,4.67E-05
Hafniaceae,Family,0.949367089,2.21E-05
Oceanospirillaceae,Family,0.949367089,9.29E-06
Acidovorax,Genus,0.949367089,9.92E-06
Geobacter,Genus,0.949367089,2.88E-05
Desulfobacterales,Order,0.946835443,5.00E-05
Piscirickettsiaceae,Family,0.946835443,1.58E-05
Agrobacterium,Genus,0.946835443,1.45E-05
Dickeya,Genus,0.946835443,4.52E-05
Fictibacillus,Genus,0.946835443,5.55E-06
Gracilibacillus,Genus,0.946835443,8.66E-06
Trueperella,Genus,0.946835443,1.25E-05
Rathayibacter,Genus,0.944303797,7.51E-06
Sporomusa,Genus,0.944303797,1.39E-05
Halanaerobiales,Order,0.941772152,2.21E-05
Gordoniaceae,Family,0.941772152,1.22E-05
Microbulbiferaceae,Family,0.941772152,1.31E-05
Erwinia,Genus,0.941772152,3.60E-05
Gordonia,Genus,0.941772152,1.22E-05
Microbulbifer,Genus,0.941772152,1.31E-05
Paracoccus,Genus,0.941772152,1.30E-05
Pseudarthrobacter,Genus,0.941772152,1.10E-05
Tessaracoccus,Genus,0.941772152,8.22E-06
Rhodocyclales,Order,0.939240506,2.57E-05
Promicromonosporaceae,Family,0.939240506,1.07E-05
Azospirillum,Genus,0.939240506,1.54E-05
Buchnera,Genus,0.939240506,1.86E-05
Pauljensenia,Genus,0.939240506,2.41E-05
Pradoshia,Genus,0.939240506,1.31E-05
Sodalis,Genus,0.939240506,1.61E-05
Winogradskyella,Genus,0.939240506,1.54E-05
Anaplasmataceae,Family,0.936708861,1.21E-05
Ectothiorhodospiraceae,Family,0.936708861,1.42E-05
Erythrobacteraceae,Family,0.936708861,1.65E-05
Francisellaceae,Family,0.936708861,2.00E-05
Parachlamydiaceae,Family,0.936708861,3.24E-06
Caproiciproducens,Genus,0.936708861,3.36E-05
Francisella,Genus,0.936708861,1.70E-05
Glutamicibacter,Genus,0.936708861,8.49E-06
Lysobacter,Genus,0.936708861,9.74E-06
Shigella,Genus,0.936708861,3.53E-05
Methanosarcinales,Order,0.934177215,3.33E-05
Blattabacteriaceae,Family,0.934177215,1.70E-05
Cellvibrionaceae,Family,0.934177215,1.04E-05
Methylophilaceae,Family,0.934177215,1.55E-05
Actinobacillus,Genus,0.934177215,7.80E-06
Algoriphagus,Genus,0.934177215,2.19E-06
Blattabacterium,Genus,0.934177215,1.70E-05
Cedecea,Genus,0.934177215,3.31E-05
Comamonas,Genus,0.934177215,9.42E-06
Kosakonia,Genus,0.934177215,3.47E-05
Mucilaginibacter,Genus,0.934177215,2.70E-05
Crenarchaeota,Phylum,0.93164557,2.26E-05
Thermoprotei,Class,0.93164557,2.26E-05
Leptospirales,Order,0.93164557,1.05E-05
Bartonellaceae,Family,0.93164557,1.53E-05
Leptospiraceae,Family,0.93164557,1.05E-05
Bartonella,Genus,0.93164557,1.53E-05
Brachybacterium,Genus,0.93164557,8.79E-06
Cohnella,Genus,0.93164557,1.31E-05
Cronobacter,Genus,0.93164557,3.05E-05
Desulfosporosinus,Genus,0.93164557,2.03E-05
Intestinibaculum,Genus,0.93164557,2.46E-05
Kurthia,Genus,0.93164557,5.83E-06
Lelliottia,Genus,0.93164557,1.90E-05
Peptacetobacter,Genus,0.93164557,1.30E-05
Photobacterium,Genus,0.93164557,5.47E-06
Methanosarcinaceae,Family,0.929113924,2.93E-05
Amycolatopsis,Genus,0.929113924,1.27E-05
Chitinophaga,Genus,0.929113924,2.13E-05
Curtobacterium,Genus,0.929113924,6.03E-06
Leptospira,Genus,0.929113924,9.89E-06
Mycobacteroides,Genus,0.929113924,5.82E-06
Psychrobacillus,Genus,0.929113924,4.23E-06
Xenorhabdus,Genus,0.929113924,1.20E-05
Oligoflexia,Class,0.926582278,1.21E-05
Alcanivoracaceae,Family,0.926582278,5.89E-06
Dermacoccaceae,Family,0.926582278,4.36E-06
Hyphomonadaceae,Family,0.926582278,8.80E-06
Tissierellaceae,Family,0.926582278,2.51E-05
Zoogloeaceae,Family,0.926582278,1.93E-05
Aeromicrobium,Genus,0.926582278,7.03E-06
Brochothrix,Genus,0.926582278,3.37E-06
Aquificae,Phylum,0.924050633,1.75E-05
Aquificae,Class,0.924050633,1.75E-05
Bogoriellaceae,Family,0.924050633,6.36E-06
Brucellaceae,Family,0.924050633,8.90E-06
Acholeplasma,Genus,0.924050633,1.53E-05
Aminipila,Genus,0.924050633,4.06E-05
Caulobacter,Genus,0.924050633,9.96E-06
Georgenia,Genus,0.924050633,6.36E-06
Hungateiclostridium,Genus,0.924050633,2.52E-05
Janthinobacterium,Genus,0.924050633,1.51E-05
Melissococcus,Genus,0.924050633,2.56E-06
Tenacibaculum,Genus,0.924050633,1.23E-05
Acidobacteria,Phylum,0.921518987,2.01E-05
Acidobacteriia,Class,0.921518987,2.01E-05
Polyangiaceae,Family,0.921518987,1.03E-05
Agromyces,Genus,0.921518987,6.06E-06
Geovibrio,Genus,0.921518987,2.68E-06
Hydrogenophaga,Genus,0.921518987,6.02E-06
Methanosarcina,Genus,0.921518987,2.25E-05
Aquificales,Order,0.918987342,1.44E-05
Candidatus Nanopelagicales,Order,0.918987342,4.71E-06
Candidatus Nanopelagicaceae,Family,0.918987342,4.71E-06
Edwardsiella,Genus,0.918987342,9.86E-06
Labrys,Genus,0.918987342,1.80E-06
Chlorobi,Phylum,0.916455696,2.16E-05
Chlorobia,Class,0.916455696,2.16E-05
Brachyspirales,Order,0.916455696,1.52E-05
Chlorobiales,Order,0.916455696,2.16E-05
Frankiales,Order,0.916455696,7.24E-06
Marinilabiliales,Order,0.916455696,1.51E-05
Natrialbales,Order,0.916455696,9.34E-06
Brachyspiraceae,Family,0.916455696,1.52E-05
Chlorobiaceae,Family,0.916455696,2.16E-05
Desulfobacteraceae,Family,0.916455696,3.20E-05
Dietziaceae,Family,0.916455696,4.06E-06
Frankiaceae,Family,0.916455696,7.24E-06
Halanaerobiaceae,Family,0.916455696,1.59E-05
Natrialbaceae,Family,0.916455696,9.34E-06
Brachyspira,Genus,0.916455696,1.52E-05
Brevundimonas,Genus,0.916455696,9.71E-06
Dietzia,Genus,0.916455696,4.06E-06
Myroides,Genus,0.916455696,9.97E-06
Nonlabens,Genus,0.916455696,8.32E-06
Pandoraea,Genus,0.916455696,1.37E-05
Pluralibacter,Genus,0.916455696,1.55E-05
Planctomycetales,Order,0.913924051,1.33E-05
Colwelliaceae,Family,0.913924051,1.76E-05
Nocardiopsaceae,Family,0.913924051,6.38E-06
Planctomycetaceae,Family,0.913924051,1.33E-05
Streptosporangiaceae,Family,0.913924051,9.02E-06
Chromobacterium,Genus,0.913924051,9.76E-06
Elizabethkingia,Genus,0.913924051,2.11E-05
Parachlamydia,Genus,0.913924051,2.44E-06
Pontibacter,Genus,0.913924051,1.52E-05
Sphingopyxis,Genus,0.913924051,9.63E-06
Methanococci,Class,0.911392405,6.98E-06
Acidobacteriales,Order,0.911392405,1.91E-05
Methanococcales,Order,0.911392405,6.98E-06
Acidobacteriaceae,Family,0.911392405,1.91E-05
Rhodanobacteraceae,Family,0.911392405,8.88E-06
Bosea,Genus,0.911392405,7.65E-06
Frankia,Genus,0.911392405,7.03E-06
Halobacillus,Genus,0.911392405,6.59E-06
Komagataeibacter,Genus,0.911392405,1.24E-05
Paenisporosarcina,Genus,0.911392405,5.56E-06
Yokenella,Genus,0.911392405,5.96E-06
Myxococcaceae,Family,0.908860759,1.00E-05
Thermomonosporaceae,Family,0.908860759,9.62E-06
Acetobacter,Genus,0.908860759,1.17E-05
Desulfitobacterium,Genus,0.908860759,2.35E-05
Leifsonia,Genus,0.908860759,5.92E-06
Leucobacter,Genus,0.908860759,5.02E-06
Neobacillus,Genus,0.908860759,4.93E-06
Novosphingobium,Genus,0.908860759,8.43E-06
Parageobacillus,Genus,0.908860759,3.23E-06
Thermococci,Class,0.906329114,1.32E-05
Haloferacales,Order,0.906329114,8.08E-06
Thermococcales,Order,0.906329114,1.32E-05
Borreliaceae,Family,0.906329114,1.22E-05
Thermococcaceae,Family,0.906329114,1.32E-05
Brenneria,Genus,0.906329114,9.17E-06
Caldicellulosiruptor,Genus,0.906329114,2.09E-05
Flaviflexus,Genus,0.906329114,8.51E-06
Psychrobacter,Genus,0.906329114,1.10E-05
Sinorhizobium,Genus,0.906329114,9.56E-06
Sorangium,Genus,0.906329114,5.65E-06
Suicoccus,Genus,0.906329114,2.56E-06
Chloroflexia,Class,0.903797468,5.19E-06
Chloroflexales,Order,0.903797468,5.19E-06
Thermotogales,Order,0.903797468,1.67E-05
Alteromonas,Genus,0.903797468,1.53E-05
Aquimarina,Genus,0.903797468,9.46E-06
Candidatus Planktophila,Genus,0.903797468,3.50E-06
Dermabacter,Genus,0.903797468,5.98E-06
Jeotgalicoccus,Genus,0.903797468,1.62E-06
Mesobacillus,Genus,0.903797468,8.83E-06
Micrococcus,Genus,0.903797468,3.82E-06
Mixta,Genus,0.903797468,1.00E-05
Rahnella,Genus,0.903797468,1.16E-05
Thermoanaerobacterium,Genus,0.903797468,1.83E-05
Aurantimonadaceae,Family,0.901265823,6.91E-06
Haloarculaceae,Family,0.901265823,5.54E-06
Sanguibacteraceae,Family,0.901265823,3.03E-06
Aneurinibacillus,Genus,0.901265823,6.23E-06
Arsenophonus,Genus,0.901265823,5.62E-06
Ochrobactrum,Genus,0.901265823,5.54E-06
Photorhabdus,Genus,0.901265823,6.82E-06
Sanguibacter,Genus,0.901265823,3.03E-06
Desulfobulbaceae,Family,0.898734177,2.00E-05
Amphibacillus,Genus,0.898734177,3.69E-06
Cellulosimicrobium,Genus,0.898734177,3.67E-06
Methylomonas,Genus,0.898734177,1.10E-05
Rhodoferax,Genus,0.898734177,8.17E-06
Saccharopolyspora,Genus,0.898734177,2.89E-06
Sulfurospirillum,Genus,0.898734177,6.02E-06
Thauera,Genus,0.898734177,5.84E-06
Halobacteriaceae,Family,0.896202532,5.44E-06
Actinomadura,Genus,0.896202532,8.67E-06
Azoarcus,Genus,0.896202532,1.14E-05
Buttiauxella,Genus,0.896202532,9.44E-06
Cellvibrio,Genus,0.896202532,5.43E-06
Formosa,Genus,0.896202532,7.81E-06
Kitasatospora,Genus,0.896202532,5.22E-06
Nocardiopsis,Genus,0.896202532,3.79E-06
Pseudobutyrivibrio,Genus,0.896202532,5.01E-05
Thermococcus,Genus,0.896202532,1.06E-05
Tumebacillus,Genus,0.896202532,6.15E-06
Nitrospirae,Phylum,0.893670886,1.38E-05
Nitrospira,Class,0.893670886,1.38E-05
Nitrospirales,Order,0.893670886,1.38E-05
Nitrospiraceae,Family,0.893670886,1.38E-05
Actinoalloteichus,Genus,0.893670886,2.89E-06
Collimonas,Genus,0.893670886,5.27E-06
Thermoclostridium,Genus,0.893670886,1.02E-05
Rubrobacteria,Class,0.891139241,5.34E-06
Rubrobacterales,Order,0.891139241,5.34E-06
Acetobacterium,Genus,0.891139241,2.10E-05
Alcaligenes,Genus,0.891139241,6.45E-06
Aliivibrio,Genus,0.891139241,4.59E-06
Auricoccus,Genus,0.891139241,3.07E-06
Cryobacterium,Genus,0.891139241,3.72E-06
Maribacter,Genus,0.891139241,9.13E-06
Microlunatus,Genus,0.891139241,4.01E-06
Moorella,Genus,0.891139241,6.77E-06
Moraxella,Genus,0.891139241,5.69E-06
Plantibacter,Genus,0.891139241,1.57E-06
Rhodobacter,Genus,0.891139241,5.56E-06
Thermoanaerobacter,Genus,0.891139241,1.13E-05
Coxiellaceae,Family,0.888607595,3.90E-06
Nitrosomonadaceae,Family,0.888607595,1.44E-05
Rickettsiaceae,Family,0.888607595,9.76E-06
Colwellia,Genus,0.888607595,1.44E-05
Dysosmobacter,Genus,0.888607595,0.000145562
Echinicola,Genus,0.888607595,1.61E-05
Herbaspirillum,Genus,0.888607595,1.00E-05
Nonomuraea,Genus,0.888607595,5.49E-06
Piscirickettsia,Genus,0.888607595,2.07E-06
Ureibacillus,Genus,0.888607595,2.95E-06
Sulfolobales,Order,0.886075949,1.84E-05
Aquificaceae,Family,0.886075949,9.75E-06
Archangiaceae,Family,0.886075949,8.83E-06
Ruaniaceae,Family,0.886075949,4.58E-06
Sulfolobaceae,Family,0.886075949,1.84E-05
Filifactor,Genus,0.886075949,1.07E-05
Izhakiella,Genus,0.886075949,7.72E-06
Pseudoclostridium,Genus,0.886075949,1.15E-05
Rhodopseudomonas,Genus,0.886075949,9.26E-06
Saccharomonospora,Genus,0.886075949,6.36E-06
Saccharothrix,Genus,0.886075949,2.77E-06
Salicibibacter,Genus,0.886075949,6.05E-06
Tannerella,Genus,0.886075949,1.13E-05
Janibacter,Genus,0.883544304,3.01E-06
Marinomonas,Genus,0.883544304,3.91E-06
Phaeobacter,Genus,0.883544304,7.76E-06
Serinicoccus,Genus,0.883544304,3.80E-06
Sulfitobacter,Genus,0.883544304,8.55E-06
Tissierella,Genus,0.883544304,2.35E-05
Xylanimonas,Genus,0.883544304,2.83E-06
Opitutae,Class,0.881012658,7.55E-06
Orbales,Order,0.881012658,5.69E-06
Budviciaceae,Family,0.881012658,5.40E-06
Orbaceae,Family,0.881012658,5.69E-06
Actinobaculum,Genus,0.881012658,2.54E-06
Ornithinimicrobium,Genus,0.881012658,4.34E-06
Salinibacterium,Genus,0.881012658,1.93E-06
Thermodesulfobacteria,Phylum,0.878481013,7.39E-06
Thermodesulfobacteria,Class,0.878481013,7.39E-06
Thermodesulfobacteriales,Order,0.878481013,7.39E-06
Entomoplasmataceae,Family,0.878481013,7.47E-06
Thermodesulfobacteriaceae,Family,0.878481013,7.39E-06
Alcanivorax,Genus,0.878481013,6.63E-06
Atlantibacter,Genus,0.878481013,6.79E-06
Pseudodesulfovibrio,Genus,0.878481013,1.19E-05
Tatumella,Genus,0.878481013,7.08E-06
Bdellovibrionales,Order,0.875949367,6.17E-06
Geodermatophilales,Order,0.875949367,2.63E-06
Bdellovibrionaceae,Family,0.875949367,6.17E-06
Dermatophilaceae,Family,0.875949367,4.43E-06
Geodermatophilaceae,Family,0.875949367,2.63E-06
Rubrobacteraceae,Family,0.875949367,4.87E-06
Vallitaleaceae,Family,0.875949367,1.47E-05
Bdellovibrio,Genus,0.875949367,6.17E-06
Methylorubrum,Genus,0.875949367,3.08E-06
Petrocella,Genus,0.875949367,1.47E-05
Rubrobacter,Genus,0.875949367,4.87E-06
Thermoactinomyces,Genus,0.875949367,2.81E-06
Gemmatimonadetes,Phylum,0.873417722,5.15E-06
Gemmatimonadetes,Class,0.873417722,5.15E-06
Gemmatimonadales,Order,0.873417722,5.15E-06
Beutenbergiaceae,Family,0.873417722,2.96E-06
Desulfuromonadaceae,Family,0.873417722,1.45E-05
Gemmatimonadaceae,Family,0.873417722,5.15E-06
Halorubraceae,Family,0.873417722,4.78E-06
Tsukamurellaceae,Family,0.873417722,1.97E-06
Dermacoccus,Genus,0.873417722,1.64E-06
Devosia,Genus,0.873417722,5.00E-06
Friedmanniella,Genus,0.873417722,2.18E-06
Pelosinus,Genus,0.873417722,1.10E-05
Pseudescherichia,Genus,0.873417722,5.77E-06
Scandinavium,Genus,0.873417722,7.68E-06
Tsukamurella,Genus,0.873417722,1.97E-06
Wolbachia,Genus,0.873417722,8.05E-06
Nakamurellales,Order,0.870886076,4.06E-06
Pirellulales,Order,0.870886076,1.04E-05
Gallionellaceae,Family,0.870886076,1.09E-05
Nakamurellaceae,Family,0.870886076,4.06E-06
Aggregatibacter,Genus,0.870886076,3.84E-06
Clavibacter,Genus,0.870886076,2.64E-06
Delftia,Genus,0.870886076,3.94E-06
Erythrobacter,Genus,0.870886076,7.48E-06
Hafnia,Genus,0.870886076,4.47E-06
Myxococcus,Genus,0.870886076,4.98E-06
Nakamurella,Genus,0.870886076,4.06E-06
Streptacidiphilus,Genus,0.870886076,3.52E-06
Gemmatales,Order,0.86835443,6.27E-06
Gemmataceae,Family,0.86835443,6.27E-06
Candidatus Phytoplasma,Genus,0.86835443,1.88E-06
Terribacillus,Genus,0.86835443,8.16E-06
Acidithiobacillia,Class,0.865822785,5.13E-06
Acidithiobacillales,Order,0.865822785,5.13E-06
Petrotogales,Order,0.865822785,5.49E-06
Acidithiobacillaceae,Family,0.865822785,5.13E-06
Halobacteroidaceae,Family,0.865822785,7.29E-06
Petrotogaceae,Family,0.865822785,5.49E-06
Acidithiobacillus,Genus,0.865822785,5.13E-06
Ensifer,Genus,0.865822785,7.20E-06
Roseovarius,Genus,0.865822785,6.35E-06
Altererythrobacter,Genus,0.863291139,5.05E-06
Diaphorobacter,Genus,0.863291139,6.02E-06
Gramella,Genus,0.863291139,9.39E-06
Chloroflexaceae,Family,0.860759494,2.09E-06
Haloferacaceae,Family,0.860759494,4.14E-06
Methylocystaceae,Family,0.860759494,7.33E-06
Chloroflexus,Genus,0.860759494,2.09E-06
Gibbsiella,Genus,0.860759494,5.48E-06
Luteimonas,Genus,0.860759494,3.34E-06
Martelella,Genus,0.860759494,4.94E-06
Phytohabitans,Genus,0.860759494,4.71E-06
Rickettsia,Genus,0.860759494,6.66E-06
Algibacter,Genus,0.858227848,6.69E-06
Cellulophaga,Genus,0.858227848,1.25E-05
Desulfosarcina,Genus,0.858227848,1.49E-05
Kroppenstedtia,Genus,0.858227848,6.35E-06
Mycolicibacter,Genus,0.858227848,2.95E-06
Nitrosomonas,Genus,0.858227848,1.19E-05
Shimwellia,Genus,0.858227848,1.01E-05
Tardiphaga,Genus,0.858227848,1.76E-06
Opitutales,Order,0.855696203,7.11E-06
Methanococcaceae,Family,0.855696203,5.71E-06
Opitutaceae,Family,0.855696203,7.11E-06
Sporolactobacillaceae,Family,0.855696203,2.77E-06
Sterolibacteriaceae,Family,0.855696203,7.07E-06
Actinotignum,Genus,0.855696203,2.18E-06
Agrococcus,Genus,0.855696203,2.30E-06
Aurantimicrobium,Genus,0.855696203,1.80E-06
Sporolactobacillus,Genus,0.855696203,2.77E-06
Jiangellales,Order,0.853164557,3.19E-06
Jiangellaceae,Family,0.853164557,3.19E-06
Moritellaceae,Family,0.853164557,4.70E-06
Candidatus Blochmannia,Genus,0.853164557,5.40E-06
Empedobacter,Genus,0.853164557,5.31E-06
Jiangella,Genus,0.853164557,3.19E-06
Moritella,Genus,0.853164557,4.70E-06
Rhodoluna,Genus,0.853164557,2.00E-06
Sulfurimonas,Genus,0.853164557,1.30E-05
Nitriliruptoria,Class,0.850632911,3.85E-06
Chlamydiales,Order,0.850632911,6.91E-06
Chlamydiaceae,Family,0.850632911,6.91E-06
Hahellaceae,Family,0.850632911,6.87E-06
Candidatus Methylopumilus,Genus,0.850632911,4.94E-06
Chlamydia,Genus,0.850632911,6.91E-06
Halarcobacter,Genus,0.850632911,7.25E-06
Methanococcus,Genus,0.850632911,5.16E-06
Nitrospira,Genus,0.850632911,1.03E-05
Pelobacter,Genus,0.850632911,1.07E-05
Phycicoccus,Genus,0.850632911,2.91E-06
Polaromonas,Genus,0.850632911,4.67E-06
Streptosporangium,Genus,0.850632911,4.10E-06
Thiomicrorhabdus,Genus,0.850632911,5.19E-06
Borrelia,Genus,0.848101266,1.03E-05
Frondihabitans,Genus,0.848101266,1.85E-06
Candidatus Arthromitus,Genus,0.84556962,7.89E-06
Kribbella,Genus,0.84556962,2.77E-06
Salinimonas,Genus,0.84556962,2.80E-06
Syntrophobacterales,Order,0.843037975,1.08E-05
Flammeovirgaceae,Family,0.843037975,6.74E-06
Prolixibacteraceae,Family,0.843037975,7.12E-06
Syntrophomonadaceae,Family,0.843037975,1.01E-05
Draconibacterium,Genus,0.843037975,7.12E-06
Flammeovirga,Genus,0.843037975,6.74E-06
Intrasporangium,Genus,0.843037975,1.49E-06
Isoptericola,Genus,0.843037975,2.98E-06
Libanicoccus,Genus,0.843037975,4.11E-06
Microterricola,Genus,0.843037975,2.27E-06
Salegentibacter,Genus,0.843037975,4.08E-06
Phycisphaerae,Class,0.840506329,1.18E-05
Methanomicrobiales,Order,0.840506329,1.63E-05
Heliobacteriaceae,Family,0.840506329,8.39E-06
Caloranaerobacter,Genus,0.840506329,5.96E-06
Devriesea,Genus,0.840506329,1.55E-06
Labrenzia,Genus,0.840506329,6.64E-06
Leminorella,Genus,0.840506329,2.19E-06
Neorhizobium,Genus,0.840506329,3.30E-06
Dehalococcoidia,Class,0.837974684,1.23E-05
Bradymonadales,Order,0.837974684,5.42E-06
Dehalococcoidales,Order,0.837974684,1.23E-05
Dehalococcoidaceae,Family,0.837974684,1.23E-05
Fervidobacteriaceae,Family,0.837974684,9.62E-06
Anaerotignum,Genus,0.837974684,2.52E-05
Arabia,Genus,0.837974684,5.79E-06
Citricoccus,Genus,0.837974684,1.25E-06
Dehalococcoides,Genus,0.837974684,1.10E-05
Ethanoligenens,Genus,0.837974684,1.47E-05
Hydrogenovibrio,Genus,0.837974684,2.88E-06
Hyphomonas,Genus,0.837974684,3.06E-06
Kushneria,Genus,0.837974684,3.93E-06
Ruania,Genus,0.837974684,2.81E-06
Thermoplasmata,Class,0.835443038,7.53E-06
Verrucomicrobiaceae,Family,0.835443038,9.21E-06
Auritidibacter,Genus,0.835443038,1.34E-06
Chlorobium,Genus,0.835443038,8.47E-06
Dehalobacterium,Genus,0.835443038,1.48E-05
Duganella,Genus,0.835443038,1.87E-06
Geosporobacter,Genus,0.835443038,1.72E-05
Glaesserella,Genus,0.835443038,1.99E-06
Mesoplasma,Genus,0.835443038,5.72E-06
Salinicoccus,Genus,0.835443038,3.80E-06
Spirochaeta,Genus,0.835443038,1.06E-05
Thalassospira,Genus,0.835443038,3.26E-06
Isosphaerales,Order,0.832911392,4.88E-06
Isosphaeraceae,Family,0.832911392,4.88E-06
Pirellulaceae,Family,0.832911392,5.71E-06
Aquitalea,Genus,0.832911392,6.99E-06
Arachidicoccus,Genus,0.832911392,1.03E-05
Candidatus Hamiltonella,Genus,0.832911392,3.85E-06
Halobacterium,Genus,0.832911392,2.30E-06
Humibacter,Genus,0.832911392,1.53E-06
Miniimonas,Genus,0.832911392,1.40E-06
Pseudoxanthomonas,Genus,0.832911392,3.18E-06
Thioalkalivibrio,Genus,0.832911392,7.23E-06
Kosmotogales,Order,0.830379747,5.51E-06
Nautiliales,Order,0.830379747,6.38E-06
Anaeromyxobacteraceae,Family,0.830379747,3.44E-06
Granulosicoccaceae,Family,0.830379747,5.72E-06
Kosmotogaceae,Family,0.830379747,5.51E-06
Nautiliaceae,Family,0.830379747,6.38E-06
Anaeromyxobacter,Genus,0.830379747,3.44E-06
Hypericibacter,Genus,0.830379747,3.56E-06
Methylotenera,Genus,0.830379747,2.17E-06
Paraglaciecola,Genus,0.830379747,3.39E-06
Rhodospirillum,Genus,0.830379747,2.24E-06
Ignavibacteriae,Phylum,0.827848101,7.08E-06
Ignavibacteria,Class,0.827848101,7.08E-06
Ignavibacteriales,Order,0.827848101,7.08E-06
Bradymonadaceae,Family,0.827848101,5.03E-06
Crassaminicella,Genus,0.827848101,8.83E-06
Methylomicrobium,Genus,0.827848101,4.93E-06
Parolsenella,Genus,0.827848101,4.09E-06
Rhodocyclaceae,Family,0.825316456,3.09E-06
Celeribacter,Genus,0.825316456,4.27E-06
Duncaniella,Genus,0.825316456,1.76E-05
Gemmata,Genus,0.825316456,4.03E-06
Hyphomicrobium,Genus,0.825316456,3.75E-06
Methylomusa,Genus,0.825316456,5.35E-06
Raineyella,Genus,0.825316456,1.49E-06
Halieaceae,Family,0.82278481,6.39E-06
Psychromonadaceae,Family,0.82278481,3.07E-06
Aureimonas,Genus,0.82278481,1.75E-06
Corallococcus,Genus,0.82278481,4.93E-06
Dehalobacter,Genus,0.82278481,2.12E-05
Gudongella,Genus,0.82278481,5.56E-06
Halocella,Genus,0.82278481,1.00E-05
Halorubrum,Genus,0.82278481,2.69E-06
Methylocystis,Genus,0.82278481,3.72E-06
Psychromonas,Genus,0.82278481,3.07E-06
Bernardetiaceae,Family,0.820253165,4.75E-06
Alicyclobacillus,Genus,0.820253165,4.34E-06
Bernardetia,Genus,0.820253165,4.75E-06
Coriobacterium,Genus,0.820253165,2.79E-06
Luteipulveratus,Genus,0.820253165,1.07E-06
Mageeibacillus,Genus,0.820253165,1.42E-05
Micropruina,Genus,0.820253165,1.24E-06
Neomicrococcus,Genus,0.820253165,1.56E-06
Paraliobacillus,Genus,0.820253165,3.56E-06
Pragia,Genus,0.820253165,3.10E-06
Ruegeria,Genus,0.820253165,4.05E-06
Saliniradius,Genus,0.820253165,2.11E-06
Clostridiales Family XVII. Incertae Sedis,Family,0.817721519,6.61E-06
Alkaliphilus,Genus,0.817721519,1.34E-05
Candidatus Aquiluna,Genus,0.817721519,1.26E-06
Hahella,Genus,0.817721519,4.02E-06
Halanaerobium,Genus,0.817721519,1.01E-05
Leisingera,Genus,0.817721519,5.65E-06
Methylococcus,Genus,0.817721519,2.54E-06
Thermaerobacter,Genus,0.817721519,5.66E-06
Bacteroidetes Order II. Incertae sedis,Order,0.815189873,7.38E-06
Nevskiales,Order,0.815189873,3.76E-06
Ferrimonadaceae,Family,0.815189873,3.87E-06
Rhodothermaceae,Family,0.815189873,7.38E-06
Advenella,Genus,0.815189873,3.90E-06
Ferrimonas,Genus,0.815189873,3.87E-06
Flavisolibacter,Genus,0.815189873,8.76E-06
Gluconobacter,Genus,0.815189873,4.72E-06
Kytococcus,Genus,0.815189873,1.50E-06
Liberibacter,Genus,0.815189873,3.50E-06
Meiothermus,Genus,0.815189873,3.07E-06
Renibacterium,Genus,0.815189873,8.07E-07
Salinivibrio,Genus,0.815189873,2.32E-06
Terriglobus,Genus,0.815189873,5.27E-06
Acidimicrobiia,Class,0.812658228,1.31E-06
Acidimicrobiales,Order,0.812658228,1.31E-06
Holosporales,Order,0.812658228,2.31E-06
Desulfomicrobiaceae,Family,0.812658228,6.95E-06
Alloactinosynnema,Genus,0.812658228,1.13E-06
Beutenbergia,Genus,0.812658228,1.51E-06
Desulfomicrobium,Genus,0.812658228,6.95E-06
Desulfopila,Genus,0.812658228,6.58E-06
Microvirga,Genus,0.812658228,2.90E-06
Xylella,Genus,0.812658228,4.52E-06
Methanocaldococcaceae,Family,0.810126582,3.58E-06
Antarcticibacterium,Genus,0.810126582,2.42E-06
Azotobacter,Genus,0.810126582,3.47E-06
Borreliella,Genus,0.810126582,4.77E-06
Cobetia,Genus,0.810126582,1.95E-06
Persicimonas,Genus,0.810126582,2.35E-06
Prosthecochloris,Genus,0.810126582,5.27E-06
Runella,Genus,0.810126582,1.01E-05
Austwickia,Genus,0.807594937,1.98E-06
Desulfallas,Genus,0.807594937,7.81E-06
Ewingella,Genus,0.807594937,1.09E-06
Jeotgalibacillus,Genus,0.807594937,5.83E-06
Magnetospirillum,Genus,0.807594937,5.77E-06
Nesterenkonia,Genus,0.807594937,1.46E-06
Octadecabacter,Genus,0.807594937,2.86E-06
Roseomonas,Genus,0.807594937,2.97E-06
Rummeliibacillus,Genus,0.807594937,3.75E-06
Denitrobacterium,Genus,0.805063291,2.41E-06
Gemmatimonas,Genus,0.805063291,4.24E-06
Haloactinobacterium,Genus,0.805063291,2.30E-06
Kyrpidia,Genus,0.805063291,4.71E-06
Lentzea,Genus,0.805063291,1.83E-06
Nissabacter,Genus,0.805063291,2.93E-06
Oerskovia,Genus,0.805063291,9.63E-07
Ottowia,Genus,0.805063291,2.17E-06
Sebaldella,Genus,0.805063291,9.65E-06
Bacteriovoracales,Order,0.802531646,5.15E-06
Sedimentisphaerales,Order,0.802531646,1.01E-05
Thermotogaceae,Family,0.802531646,1.10E-05
Gilliamella,Genus,0.802531646,2.57E-06
Natrinema,Genus,0.802531646,2.98E-06
Nitrosococcus,Genus,0.802531646,2.40E-06
Sphingorhabdus,Genus,0.802531646,4.09E-06
Thermobacillus,Genus,0.802531646,3.47E-06
Verrucosispora,Genus,0.802531646,2.39E-06
Acidiferrobacterales,Order,0.8,2.36E-06
Natranaerobiales,Order,0.8,2.76E-06
Pelagibacterales,Order,0.8,7.65E-06
Acidiferrobacteraceae,Family,0.8,2.36E-06
Natranaerobiaceae,Family,0.8,2.76E-06
Pelagibacteraceae,Family,0.8,7.65E-06
Apibacter,Genus,0.8,5.59E-06
Asticcacaulis,Genus,0.8,2.77E-06
Azospira,Genus,0.8,1.91E-06
Muribaculum,Genus,0.8,1.37E-05
Natranaerobius,Genus,0.8,2.76E-06
Paraoerskovia,Genus,0.8,8.97E-07
Pusillimonas,Genus,0.8,2.74E-06
Sinomonas,Genus,0.8,1.34E-06
Sulfolobus,Genus,0.8,3.81E-06
Aeribacillus,Genus,0.797468354,6.39E-06
Brucella,Genus,0.797468354,3.50E-06
Lacinutrix,Genus,0.797468354,5.49E-06
Plantactinospora,Genus,0.797468354,3.38E-06
Undibacterium,Genus,0.797468354,4.79E-06
Ktedonobacteria,Class,0.794936709,2.69E-06
Ktedonobacterales,Order,0.794936709,2.69E-06
Thermoproteales,Order,0.794936709,4.52E-06
Ktedonosporobacteraceae,Family,0.794936709,2.69E-06
Saccharospirillaceae,Family,0.794936709,5.08E-06
Desulfofarcimen,Genus,0.794936709,5.97E-06
Dyella,Genus,0.794936709,4.23E-06
Granulicella,Genus,0.794936709,8.50E-06
Ktedonosporobacter,Genus,0.794936709,2.69E-06
Pseudactinotalea,Genus,0.794936709,1.52E-06
Rufibacter,Genus,0.794936709,6.88E-06
Thalassotalea,Genus,0.794936709,1.86E-06
Catenulisporales,Order,0.792405063,2.20E-06
Amoebophilaceae,Family,0.792405063,1.97E-06
Catenulisporaceae,Family,0.792405063,2.20E-06
Gottschalkiaceae,Family,0.792405063,5.02E-06
Idiomarinaceae,Family,0.792405063,3.73E-06
Marivirgaceae,Family,0.792405063,3.42E-06
Spongiibacteraceae,Family,0.792405063,2.46E-06
Aminobacter,Genus,0.792405063,3.90E-06
Catenulispora,Genus,0.792405063,2.20E-06
Gottschalkia,Genus,0.792405063,5.02E-06
Halioglobus,Genus,0.792405063,4.11E-06
Idiomarina,Genus,0.792405063,3.73E-06
Lutibacter,Genus,0.792405063,2.00E-06
Marivirga,Genus,0.792405063,3.42E-06
Methanocaldococcus,Genus,0.792405063,3.07E-06
Propioniciclava,Genus,0.792405063,1.20E-06
Thermosediminibacterales,Order,0.789873418,1.48E-05
Jonesiaceae,Family,0.789873418,1.41E-06
Sinobacteraceae,Family,0.789873418,2.21E-06
Arsenicicoccus,Genus,0.789873418,1.15E-06
Caloramator,Genus,0.789873418,1.13E-05
Candidatus Pelagibacter,Genus,0.789873418,7.19E-06
Halobacteroides,Genus,0.789873418,4.54E-06
Jonesia,Genus,0.789873418,1.41E-06
Laceyella,Genus,0.789873418,3.38E-06
Marinitoga,Genus,0.789873418,3.58E-06
Mobilicoccus,Genus,0.789873418,1.21E-06
Taylorella,Genus,0.789873418,2.24E-06
Archaeoglobi,Class,0.787341772,6.18E-06
Archaeoglobales,Order,0.787341772,6.18E-06
Archaeoglobaceae,Family,0.787341772,6.18E-06
Sutterellaceae,Family,0.787341772,5.03E-06
Syntrophaceae,Family,0.787341772,6.93E-06
Allokutzneria,Genus,0.787341772,1.56E-06
Cyclobacterium,Genus,0.787341772,5.73E-06
Frigoribacterium,Genus,0.787341772,6.89E-07
Sphaerochaeta,Genus,0.787341772,1.32E-05
Tepidanaerobacteraceae,Family,0.784810127,1.20E-05
Thiotrichaceae,Family,0.784810127,3.57E-06
Acidihalobacter,Genus,0.784810127,3.85E-06
Chania,Genus,0.784810127,4.13E-06
Diaminobutyricimonas,Genus,0.784810127,7.81E-07
Limnohabitans,Genus,0.784810127,1.20E-06
Methanobacterium,Genus,0.784810127,5.83E-06
Methylophaga,Genus,0.784810127,2.14E-06
Vitreoscilla,Genus,0.784810127,2.94E-06
Kangiellaceae,Family,0.782278481,2.76E-06
Kofleriaceae,Family,0.782278481,1.87E-06
Paludibacteraceae,Family,0.782278481,5.23E-06
Actinosynnema,Genus,0.782278481,1.84E-06
Catenovulum,Genus,0.782278481,1.96E-06
Haliangium,Genus,0.782278481,1.87E-06
Histophilus,Genus,0.782278481,1.99E-06
Kangiella,Genus,0.782278481,2.76E-06
Paludibacter,Genus,0.782278481,5.23E-06
Rhodovulum,Genus,0.782278481,4.41E-06
Salimicrobium,Genus,0.782278481,3.59E-06
Thermotoga,Genus,0.782278481,8.09E-06
Xylanimicrobium,Genus,0.782278481,1.35E-06
Cardiobacteriales,Order,0.779746835,3.63E-06
Cardiobacteriaceae,Family,0.779746835,3.63E-06
Ancylobacter,Genus,0.779746835,1.10E-06
Kordia,Genus,0.779746835,5.65E-06
Marmoricola,Genus,0.779746835,9.35E-07
Propionimicrobium,Genus,0.779746835,1.99E-06
Rouxiella,Genus,0.779746835,1.51E-06
Kineosporiales,Order,0.77721519,1.53E-06
Kineosporiaceae,Family,0.77721519,1.53E-06
Labilitrichaceae,Family,0.77721519,1.09E-06
Aequorivita,Genus,0.77721519,5.02E-06
Dokdonia,Genus,0.77721519,5.11E-06
Kineococcus,Genus,0.77721519,1.53E-06
Labilithrix,Genus,0.77721519,1.06E-06
Marisediminicola,Genus,0.77721519,8.25E-07
Mesotoga,Genus,0.77721519,2.43E-06
Novibacillus,Genus,0.77721519,1.61E-06
Opitutus,Genus,0.77721519,3.90E-06
Thermoanaerosceptrum,Genus,0.77721519,1.13E-05
Acidianus,Genus,0.774683544,5.12E-06
Acidobacterium,Genus,0.774683544,2.40E-06
Chlorobaculum,Genus,0.774683544,4.77E-06
Obesumbacterium,Genus,0.774683544,1.51E-06
Pontibacillus,Genus,0.774683544,2.88E-06
Porphyrobacter,Genus,0.774683544,2.59E-06
Pseudobacter,Genus,0.774683544,3.97E-06
Salinispora,Genus,0.774683544,1.10E-06
Verrucomicrobium,Genus,0.774683544,4.01E-06
Hydrogenothermaceae,Family,0.772151899,6.13E-06
Avibacterium,Genus,0.772151899,2.52E-06
Hathewaya,Genus,0.772151899,9.93E-06
Kibdelosporangium,Genus,0.772151899,2.13E-06
Pelodictyon,Genus,0.772151899,5.03E-06
Planomicrobium,Genus,0.772151899,4.22E-06
Psychromicrobium,Genus,0.772151899,8.72E-07
Thermomonas,Genus,0.772151899,2.59E-06
Verminephrobacter,Genus,0.772151899,1.58E-06
Zunongwangia,Genus,0.772151899,4.75E-06
Desulfurococcales,Order,0.769620253,4.01E-06
Thermoplasmatales,Order,0.769620253,2.75E-06
Clostridiales Family XVI. Incertae Sedis,Family,0.769620253,4.65E-06
Roseiflexaceae,Family,0.769620253,3.65E-06
Carboxydocella,Genus,0.769620253,4.49E-06
Gallibacterium,Genus,0.769620253,1.69E-06
Hoeflea,Genus,0.769620253,4.25E-06
Limnobaculum,Genus,0.769620253,2.96E-06
Muricauda,Genus,0.769620253,4.07E-06
Pannonibacter,Genus,0.769620253,3.63E-06
Pseudoleptotrichia,Genus,0.769620253,5.26E-06
Rheinheimera,Genus,0.769620253,1.52E-06
Roseiflexus,Genus,0.769620253,3.65E-06
Chelatococcaceae,Family,0.767088608,1.58E-06
Chelatococcus,Genus,0.767088608,1.58E-06
Lonsdalea,Genus,0.767088608,1.36E-06
Nitratireductor,Genus,0.767088608,2.61E-06
Spiribacter,Genus,0.767088608,4.32E-06
Syntrophobotulus,Genus,0.767088608,9.85E-06
Chrysiogenetes,Phylum,0.764556962,3.82E-06
Thaumarchaeota,Phylum,0.764556962,4.03E-06
Chrysiogenetes,Class,0.764556962,3.82E-06
Nitrososphaeria,Class,0.764556962,4.03E-06
Chrysiogenales,Order,0.764556962,3.82E-06
Glycomycetales,Order,0.764556962,1.01E-06
Chrysiogenaceae,Family,0.764556962,3.82E-06
Glycomycetaceae,Family,0.764556962,1.01E-06
Halothiobacillaceae,Family,0.764556962,1.63E-06
Sandaracinaceae,Family,0.764556962,1.51E-06
Coxiella,Genus,0.764556962,1.59E-06
Desulfurispirillum,Genus,0.764556962,3.82E-06
Fervidobacterium,Genus,0.764556962,6.14E-06
Halothiobacillus,Genus,0.764556962,1.63E-06
Herbiconiux,Genus,0.764556962,1.36E-06
Pectinatus,Genus,0.764556962,6.76E-06
Pigmentiphaga,Genus,0.764556962,4.99E-06
Sandaracinus,Genus,0.764556962,1.28E-06
Stackebrandtia,Genus,0.764556962,1.01E-06
Streptobacillus,Genus,0.764556962,3.86E-06
Thermoleophilia,Class,0.762025316,1.48E-06
Solirubrobacterales,Order,0.762025316,1.48E-06
Conexibacteraceae,Family,0.762025316,1.48E-06
Archaeoglobus,Genus,0.762025316,3.83E-06
Conexibacter,Genus,0.762025316,1.48E-06
Fibrella,Genus,0.762025316,5.75E-06
Niabella,Genus,0.762025316,9.03E-06
Nitrosospira,Genus,0.762025316,3.23E-06
Nitrospirillum,Genus,0.762025316,3.25E-06
Sphingosinicella,Genus,0.762025316,1.19E-06
Sulfuriferula,Genus,0.762025316,5.36E-06
Wenyingzhuangia,Genus,0.762025316,2.00E-06
Yangia,Genus,0.762025316,1.27E-06
Fibrobacteres,Phylum,0.759493671,5.02E-06
Fibrobacteria,Class,0.759493671,5.02E-06
Fibrobacterales,Order,0.759493671,5.02E-06
Fibrobacteraceae,Family,0.759493671,5.02E-06
Fulvivirgaceae,Family,0.759493671,1.90E-06
Ignavibacteriaceae,Family,0.759493671,2.86E-06
Methanomicrobiaceae,Family,0.759493671,8.72E-06
Symbiobacteriaceae,Family,0.759493671,2.64E-06
Adhaeribacter,Genus,0.759493671,4.45E-06
Candidatus Nanopelagicus,Genus,0.759493671,1.40E-06
Chryseolinea,Genus,0.759493671,1.90E-06
Cystobacter,Genus,0.759493671,3.10E-06
Fibrobacter,Genus,0.759493671,5.02E-06
Geodermatophilus,Genus,0.759493671,1.02E-06
Ignavibacterium,Genus,0.759493671,2.86E-06
Ketobacter,Genus,0.759493671,7.78E-07
Salinibacter,Genus,0.759493671,3.66E-06
Symbiobacterium,Genus,0.759493671,2.64E-06
Tetrasphaera,Genus,0.759493671,8.91E-07
Actinotalea,Genus,0.756962025,1.12E-06
Archangium,Genus,0.756962025,3.92E-06
Bisgaardia,Genus,0.756962025,1.63E-06
Chitinibacter,Genus,0.756962025,2.87E-06
Chryseoglobus,Genus,0.756962025,8.29E-07
Denitratisoma,Genus,0.756962025,3.67E-06
Desulfococcus,Genus,0.756962025,6.70E-06
Glaciihabitans,Genus,0.756962025,7.38E-07
Heliobacterium,Genus,0.756962025,5.94E-06
Labilibaculum,Genus,0.756962025,3.21E-06
Oceanicola,Genus,0.756962025,9.21E-07
Saprospiria,Class,0.75443038,5.20E-06
Egicoccales,Order,0.75443038,1.03E-06
Saprospirales,Order,0.75443038,4.73E-06
Egicoccaceae,Family,0.75443038,1.03E-06
Halobacteriovoraceae,Family,0.75443038,4.20E-06
Sedimentisphaeraceae,Family,0.75443038,8.73E-06
Acetohalobium,Genus,0.75443038,5.00E-06
Desulfatibacillum,Genus,0.75443038,2.45E-06
Desulfobacterium,Genus,0.75443038,2.72E-06
Egicoccus,Genus,0.75443038,1.03E-06
Glaciecola,Genus,0.75443038,3.03E-06
Halobacteriovorax,Genus,0.75443038,4.20E-06
Hydrogenobaculum,Genus,0.75443038,2.42E-06
Kutzneria,Genus,0.75443038,1.29E-06
Marinobacterium,Genus,0.75443038,1.83E-06
Modestobacter,Genus,0.75443038,8.85E-07
Planctomyces,Genus,0.75443038,3.42E-06
Proteiniphilum,Genus,0.75443038,4.21E-06
Streptomonospora,Genus,0.75443038,1.72E-06
Thermincola,Genus,0.75443038,4.97E-06
Thermochromatium,Genus,0.75443038,9.96E-07
Elusimicrobia,Phylum,0.751898734,6.55E-06
Zetaproteobacteria,Class,0.751898734,2.57E-06
Mariprofundales,Order,0.751898734,2.57E-06
Sporichthyales,Order,0.751898734,1.24E-06
Mariprofundaceae,Family,0.751898734,2.57E-06
Sporichthyaceae,Family,0.751898734,1.24E-06
Epidermidibacterium,Genus,0.751898734,1.24E-06
Kingella,Genus,0.751898734,1.92E-06
Mariprofundus,Genus,0.751898734,2.57E-06
Ramlibacter,Genus,0.751898734,1.99E-06
Rhodocytophaga,Genus,0.751898734,7.48E-06
Teredinibacter,Genus,0.751898734,4.59E-06
Dictyoglomi,Phylum,0.749367089,4.15E-06
Dictyoglomia,Class,0.749367089,4.15E-06
Gloeobacteria,Class,0.749367089,3.69E-06
Bryobacterales,Order,0.749367089,2.42E-06
Dictyoglomales,Order,0.749367089,4.15E-06
Euzebyales,Order,0.749367089,1.21E-06
Gloeobacterales,Order,0.749367089,2.64E-06
Dictyoglomaceae,Family,0.749367089,4.15E-06
Euzebyaceae,Family,0.749367089,1.21E-06
Gloeobacteraceae,Family,0.749367089,2.64E-06
Solibacteraceae,Family,0.749367089,2.42E-06
Thermoproteaceae,Family,0.749367089,4.04E-06
Blastococcus,Genus,0.749367089,9.96E-07
Candidatus Solibacter,Genus,0.749367089,2.42E-06
Dictyoglomus,Genus,0.749367089,4.15E-06
Euzebya,Genus,0.749367089,1.21E-06
Gloeobacter,Genus,0.749367089,2.64E-06
Haloferax,Genus,0.749367089,1.46E-06
Microcella,Genus,0.749367089,6.03E-07
Minicystis,Genus,0.749367089,3.14E-06
Phenylobacterium,Genus,0.749367089,1.56E-06
Pseudopedobacter,Genus,0.749367089,2.36E-06
Shinella,Genus,0.749367089,8.32E-07
Stappia,Genus,0.749367089,3.69E-06
Thermomonospora,Genus,0.749367089,9.02E-07
Thiomicrospira,Genus,0.749367089,1.81E-06
Nitrososphaerales,Order,0.746835443,3.34E-06
Nitrososphaeraceae,Family,0.746835443,3.34E-06
Rhodobiaceae,Family,0.746835443,3.54E-06
Auraticoccus,Genus,0.746835443,1.78E-06
Desulfuromonas,Genus,0.746835443,3.91E-06
Granulosicoccus,Genus,0.746835443,3.15E-06
Heliorestis,Genus,0.746835443,3.83E-06
Niastella,Genus,0.746835443,5.20E-06
Rhodanobacter,Genus,0.746835443,1.78E-06
Azonexaceae,Family,0.744303797,2.52E-06
Aquisphaera,Genus,0.744303797,2.21E-06
Candidatus Cardinium,Genus,0.744303797,9.83E-07
Candidatus Fukatsuia,Genus,0.744303797,1.42E-06
Dechloromonas,Genus,0.744303797,2.52E-06
Dermatophilus,Genus,0.744303797,1.28E-06
Entomoplasma,Genus,0.744303797,3.17E-06
Fermentimonas,Genus,0.744303797,3.83E-06
Haloarcula,Genus,0.744303797,1.39E-06
Haloplanus,Genus,0.744303797,1.67E-06
Jonquetella,Genus,0.744303797,2.23E-06
Leptospirillum,Genus,0.744303797,3.18E-06
Mumia,Genus,0.744303797,8.62E-07
Nautilia,Genus,0.744303797,3.90E-06
Saccharibacillus,Genus,0.744303797,8.28E-06
Sulfuriflexus,Genus,0.744303797,1.61E-06
Methanotrichaceae,Family,0.741772152,2.69E-06
Bibersteinia,Genus,0.741772152,1.73E-06
Ehrlichia,Genus,0.741772152,3.12E-06
Gryllotalpicola,Genus,0.741772152,6.88E-07
Methanothrix,Genus,0.741772152,2.69E-06
Methylocaldum,Genus,0.741772152,2.99E-06
Zymomonas,Genus,0.741772152,1.95E-06
Immundisolibacterales,Order,0.739240506,1.20E-06
Immundisolibacteraceae,Family,0.739240506,1.20E-06
Biomaibacter,Genus,0.739240506,7.19E-06
Candidatus Syntrophocurvum,Genus,0.739240506,3.04E-06
Desulfobulbus,Genus,0.739240506,7.03E-06
Gemmatirosa,Genus,0.739240506,1.19E-06
Hydrocarboniclastica,Genus,0.739240506,8.74E-07
Immundisolibacter,Genus,0.739240506,1.20E-06
Pyrococcus,Genus,0.739240506,2.82E-06
Methanomassiliicoccales,Order,0.736708861,4.87E-06
Actinopolymorpha,Genus,0.736708861,9.87E-07
Paraflavitalea,Genus,0.736708861,3.60E-06
Pirellula,Genus,0.736708861,1.51E-06
Ureaplasma,Genus,0.736708861,1.54E-06
Methylacidiphilae,Class,0.734177215,2.83E-06
Methylacidiphilales,Order,0.734177215,2.83E-06
Methylacidiphilaceae,Family,0.734177215,2.83E-06
Thermoanaerobacterales Family IV. Incertae Sedis,Family,0.734177215,8.12E-06
Belliella,Genus,0.734177215,2.29E-06
Chitinimonas,Genus,0.734177215,3.34E-06
Epibacterium,Genus,0.734177215,2.11E-06
Ilyobacter,Genus,0.734177215,4.75E-06
Mahella,Genus,0.734177215,8.12E-06
Methylacidiphilum,Genus,0.734177215,2.83E-06
Neptunomonas,Genus,0.734177215,1.61E-06
Phyllobacterium,Genus,0.734177215,7.61E-07
Tardibacter,Genus,0.734177215,4.87E-07
Thermosipho,Genus,0.734177215,8.28E-06
Baekduiaceae,Family,0.73164557,7.79E-07
Baekduia,Genus,0.73164557,7.79E-07
Melittangium,Genus,0.73164557,1.53E-06
Ornithobacterium,Genus,0.73164557,3.19E-06
Parashewanella,Genus,0.73164557,2.22E-06
Rhodothermus,Genus,0.73164557,3.60E-06
Riemerella,Genus,0.73164557,5.15E-06
Egibacterales,Order,0.729113924,1.74E-06
Desulfurococcaceae,Family,0.729113924,3.21E-06
Egibacteraceae,Family,0.729113924,1.74E-06
Ilumatobacteraceae,Family,0.729113924,8.02E-07
Aquiflexum,Genus,0.729113924,4.01E-06
Blastochloris,Genus,0.729113924,1.90E-06
Ectothiorhodospira,Genus,0.729113924,2.17E-06
Egibacter,Genus,0.729113924,1.74E-06
Hoyosella,Genus,0.729113924,1.87E-06
Ilumatobacter,Genus,0.729113924,8.02E-07
Jannaschia,Genus,0.729113924,1.47E-06
Roseobacter,Genus,0.729113924,5.55E-06
Salinicola,Genus,0.729113924,8.85E-07
Thermodesulfobacterium,Genus,0.729113924,3.66E-06
Armatimonadetes,Phylum,0.726582278,3.39E-06
Methanocellales,Order,0.726582278,3.95E-06
Methanocellaceae,Family,0.726582278,3.95E-06
Acetoanaerobium,Genus,0.726582278,1.24E-05
Candidatus Gullanella,Genus,0.726582278,1.89E-06
Chondromyces,Genus,0.726582278,1.68E-06
Edaphobacter,Genus,0.726582278,3.10E-06
Halothermothrix,Genus,0.726582278,3.44E-06
Methanocella,Genus,0.726582278,3.95E-06
Natronomonas,Genus,0.726582278,1.72E-06
Olivibacter,Genus,0.726582278,2.57E-06
Olleya,Genus,0.726582278,3.84E-06
Thermocrinis,Genus,0.726582278,4.17E-06
Emcibacterales,Order,0.724050633,3.14E-06
Crocinitomicaceae,Family,0.724050633,1.68E-06
Emcibacteraceae,Family,0.724050633,3.14E-06
Vulgatibacteraceae,Family,0.724050633,2.12E-06
Emcibacter,Genus,0.724050633,3.14E-06
Fluviicola,Genus,0.724050633,1.68E-06
Hyphobacterium,Genus,0.724050633,2.36E-06
Roseimicrobium,Genus,0.724050633,2.16E-06
Starkeya,Genus,0.724050633,2.54E-06
Vulgatibacter,Genus,0.724050633,2.12E-06
Calditrichaeota,Phylum,0.721518987,3.70E-06
Calditrichae,Class,0.721518987,3.70E-06
Acidothermales,Order,0.721518987,8.23E-07
Calditrichales,Order,0.721518987,3.70E-06
Acidothermaceae,Family,0.721518987,8.23E-07
Calditrichaceae,Family,0.721518987,3.70E-06
Syntrophobacteraceae,Family,0.721518987,5.44E-06
Acidothermus,Genus,0.721518987,8.23E-07
Caldithrix,Genus,0.721518987,3.70E-06
Flintibacter,Genus,0.721518987,2.36E-05
Jatrophihabitans,Genus,0.721518987,6.81E-07
Lysinimonas,Genus,0.721518987,5.62E-07
Orrella,Genus,0.721518987,1.67E-06
Pseudolabrys,Genus,0.721518987,1.28E-06
Skermanella,Genus,0.721518987,1.79E-06
Solitalea,Genus,0.721518987,5.02E-06
Melioribacteraceae,Family,0.718987342,5.24E-06
Cardiobacterium,Genus,0.718987342,3.69E-06
Crateriforma,Genus,0.718987342,1.31E-06
Lacibacter,Genus,0.718987342,2.48E-06
Melioribacter,Genus,0.718987342,5.24E-06
Petrimonas,Genus,0.718987342,6.02E-06
Phoenicibacter,Genus,0.718987342,6.87E-06
Pimelobacter,Genus,0.718987342,1.54E-06
Tistrella,Genus,0.718987342,1.60E-06
Candidatus Brocadiae,Class,0.716455696,3.41E-06
Limnochordia,Class,0.716455696,1.55E-06
Candidatus Brocadiales,Order,0.716455696,3.41E-06
Limnochordales,Order,0.716455696,1.55E-06
Candidatus Brocadiaceae,Family,0.716455696,3.41E-06
Cryomorphaceae,Family,0.716455696,1.43E-06
Limnochordaceae,Family,0.716455696,1.55E-06
Arenibacter,Genus,0.716455696,2.83E-06
Candidatus Kuenenia,Genus,0.716455696,3.41E-06
Limnochorda,Genus,0.716455696,1.55E-06
Niveispirillum,Genus,0.716455696,1.71E-06
Orbus,Genus,0.716455696,2.69E-06
Owenweeksia,Genus,0.716455696,1.43E-06
Solimonas,Genus,0.716455696,1.22E-06
Endozoicomonadaceae,Family,0.713924051,1.94E-06
Castellaniella,Genus,0.713924051,1.54E-06
Croceicoccus,Genus,0.713924051,1.37E-06
Endozoicomonas,Genus,0.713924051,1.94E-06
Euzebyella,Genus,0.713924051,1.36E-06
Mucinivorans,Genus,0.713924051,6.50E-06
Tolumonas,Genus,0.713924051,2.47E-06
Youhaiella,Genus,0.713924051,1.29E-06
Zhihengliuella,Genus,0.713924051,6.37E-07
Haliscomenobacteraceae,Family,0.711392405,3.46E-06
Agarilytica,Genus,0.711392405,1.14E-06
Anseongella,Genus,0.711392405,3.52E-06
Cycloclasticus,Genus,0.711392405,1.26E-06
Desulfobacter,Genus,0.711392405,6.57E-06
Haliscomenobacter,Genus,0.711392405,3.46E-06
Oxalobacter,Genus,0.711392405,2.95E-06
Paludisphaera,Genus,0.711392405,1.53E-06
Psychroflexus,Genus,0.711392405,3.27E-06
Sneathia,Genus,0.711392405,2.65E-06
Thioploca,Genus,0.711392405,2.72E-06
Zobellella,Genus,0.711392405,2.35E-06
Desulfurellales,Order,0.708860759,4.01E-06
Desulfurellaceae,Family,0.708860759,3.71E-06
Marinilabiliaceae,Family,0.708860759,4.35E-06
Alkalitalea,Genus,0.708860759,4.35E-06
Basfia,Genus,0.708860759,2.80E-06
Deferribacter,Genus,0.708860759,1.62E-06
Filimonas,Genus,0.708860759,3.03E-06
Halorhodospira,Genus,0.708860759,1.84E-06
Simonsiella,Genus,0.708860759,6.19E-07
Staphylospora,Genus,0.708860759,4.69E-06
Xanthobacter,Genus,0.708860759,1.44E-06
Zymobacter,Genus,0.708860759,6.53E-07
Alienimonas,Genus,0.706329114,3.22E-06
Changchengzhania,Genus,0.706329114,1.77E-06
Litoreibacter,Genus,0.706329114,1.21E-06
Methylobacillus,Genus,0.706329114,8.33E-07
Neokomagataea,Genus,0.706329114,2.06E-06
Nitrobacter,Genus,0.706329114,1.30E-06
Oceanimonas,Genus,0.706329114,1.29E-06
Panacibacter,Genus,0.706329114,3.08E-06
Salinispira,Genus,0.706329114,6.54E-06
Thermacetogenium,Genus,0.706329114,5.85E-06
Thermobifida,Genus,0.706329114,1.36E-06
Vogesella,Genus,0.706329114,3.31E-06
Endomicrobia,Class,0.703797468,4.30E-06
Actinopolysporales,Order,0.703797468,1.24E-06
Endomicrobiales,Order,0.703797468,4.30E-06
Acidimicrobiaceae,Family,0.703797468,5.26E-07
Actinopolysporaceae,Family,0.703797468,1.24E-06
Endomicrobiaceae,Family,0.703797468,4.30E-06
Acidimicrobium,Genus,0.703797468,5.26E-07
Actinopolyspora,Genus,0.703797468,1.24E-06
Carboxydothermus,Genus,0.703797468,3.34E-06
Defluviimonas,Genus,0.703797468,2.43E-06
Dyadobacter,Genus,0.703797468,3.03E-06
Endomicrobium,Genus,0.703797468,4.30E-06
Kosmotoga,Genus,0.703797468,4.73E-06
Methylovorus,Genus,0.703797468,2.27E-06
Noviherbaspirillum,Genus,0.703797468,1.41E-06
Thioflavicoccus,Genus,0.703797468,8.91E-07
Thermomicrobia,Class,0.701265823,1.22E-06
Anaerohalosphaeraceae,Family,0.701265823,2.01E-06
Thioalkalispiraceae,Family,0.701265823,2.63E-06
Anaerohalosphaera,Genus,0.701265823,2.01E-06
Candidatus Protochlamydia,Genus,0.701265823,1.27E-06
Cytophaga,Genus,0.701265823,4.70E-06
Desulfotalea,Genus,0.701265823,3.40E-06
Fuerstia,Genus,0.701265823,1.22E-06
Gynuella,Genus,0.701265823,4.77E-06
Paraoceanicella,Genus,0.701265823,2.30E-06
Prauserella,Genus,0.701265823,6.60E-07
Rubinisphaera,Genus,0.701265823,3.19E-06
Stella,Genus,0.701265823,1.01E-06
Stigmatella,Genus,0.701265823,1.31E-06
Sulfurivermis,Genus,0.701265823,2.63E-06
Caldilineae,Class,0.698734177,2.19E-06
Caldilineales,Order,0.698734177,2.19E-06
Caldilineaceae,Family,0.698734177,2.19E-06
Lacipirellulaceae,Family,0.698734177,1.85E-06
Methanoregulaceae,Family,0.698734177,3.52E-06
Alicycliphilus,Genus,0.698734177,1.04E-06
Antarctobacter,Genus,0.698734177,2.06E-06
Caldilinea,Genus,0.698734177,2.19E-06
Desulfobacula,Genus,0.698734177,4.48E-06
Ereboglobus,Genus,0.698734177,1.63E-06
Hirschia,Genus,0.698734177,8.21E-07
Magnetospira,Genus,0.698734177,1.71E-06
Mesoflavibacter,Genus,0.698734177,2.41E-06
Pelistega,Genus,0.698734177,1.90E-06
Pontimonas,Genus,0.698734177,8.38E-07
Protaetiibacter,Genus,0.698734177,5.41E-07
Tepidanaerobacter,Genus,0.698734177,8.20E-06
Silvanigrellales,Order,0.696202532,1.62E-06
Silvanigrellaceae,Family,0.696202532,1.62E-06
Tenuifilaceae,Family,0.696202532,1.49E-06
Acidiphilium,Genus,0.696202532,1.29E-06
Candidatus Halobonum,Genus,0.696202532,1.91E-06
Chitinolyticbacter,Genus,0.696202532,9.73E-07
Oceanispirochaeta,Genus,0.696202532,9.30E-06
Sedimentisphaera,Genus,0.696202532,7.08E-06
Silvanigrella,Genus,0.696202532,1.62E-06
Sulfurifustis,Genus,0.696202532,7.02E-07
Syntrophothermus,Genus,0.696202532,3.31E-06
Tenuifilum,Genus,0.696202532,1.49E-06
Thermodesulfatator,Genus,0.696202532,8.53E-07
Urechidicola,Genus,0.696202532,2.17E-06
Phycisphaerales,Order,0.693670886,1.53E-06
Phycisphaeraceae,Family,0.693670886,1.53E-06
Segniliparaceae,Family,0.693670886,7.86E-07
Agarivorans,Genus,0.693670886,7.95E-07
Aminomonas,Genus,0.693670886,2.08E-06
Aquicella,Genus,0.693670886,2.90E-06
Caldanaerobacter,Genus,0.693670886,7.55E-06
Geoalkalibacter,Genus,0.693670886,3.72E-06
Granulibacter,Genus,0.693670886,5.01E-06
Indioceanicola,Genus,0.693670886,2.03E-06
Phycisphaera,Genus,0.693670886,1.53E-06
Salipiger,Genus,0.693670886,7.01E-07
Segniliparus,Genus,0.693670886,7.86E-07
Thiocystis,Genus,0.693670886,1.13E-06
Holosporaceae,Family,0.691139241,1.68E-06
Methanomassiliicoccaceae,Family,0.691139241,3.57E-06
Anaerolinea,Genus,0.691139241,1.54E-06
Caballeronia,Genus,0.691139241,2.01E-06
Candidatus Riesia,Genus,0.691139241,1.76E-06
Desulfurivibrio,Genus,0.691139241,4.80E-06
Flavivirga,Genus,0.691139241,2.14E-06
Ketogulonicigenium,Genus,0.691139241,1.77E-06
Leadbetterella,Genus,0.691139241,2.11E-06
Luteolibacter,Genus,0.691139241,4.59E-06
Pseudogulbenkiania,Genus,0.691139241,1.00E-06
Pulveribacter,Genus,0.691139241,1.15E-06
Swingsia,Genus,0.691139241,1.21E-06
Syntrophomonas,Genus,0.691139241,3.85E-06
Thiodictyon,Genus,0.691139241,1.75E-06
Alkalilimnicola,Genus,0.688607595,9.19E-07
Allopseudarcicella,Genus,0.688607595,1.84E-06
Caminibacter,Genus,0.688607595,2.82E-06
Roseivivax,Genus,0.688607595,1.30E-06
Sulfurisphaera,Genus,0.688607595,1.69E-06
Tuwongella,Genus,0.688607595,7.94E-07
Zobellia,Genus,0.688607595,2.97E-06
Azorhizobium,Genus,0.686075949,1.23E-06
Candidatus Endolissoclinum,Genus,0.686075949,1.50E-06
Candidatus Moranella,Genus,0.686075949,6.94E-07
Laribacter,Genus,0.686075949,1.67E-06
Mariniflexile,Genus,0.686075949,2.79E-06
Metakosakonia,Genus,0.686075949,1.78E-06
Methyloversatilis,Genus,0.686075949,2.09E-06
Sediminispirochaeta,Genus,0.686075949,8.49E-06
Seonamhaeicola,Genus,0.686075949,1.95E-06
Tamlana,Genus,0.686075949,1.28E-06
Ardenticatenia,Class,0.683544304,2.06E-06
Tepidiformia,Class,0.683544304,2.26E-06
Ardenticatenales,Order,0.683544304,2.06E-06
Puniceicoccales,Order,0.683544304,9.45E-07
Tepidiformales,Order,0.683544304,2.26E-06
Ardenticatenaceae,Family,0.683544304,2.06E-06
Bacteriovoracaceae,Family,0.683544304,1.92E-06
Cohaesibacteraceae,Family,0.683544304,3.25E-06
Puniceicoccaceae,Family,0.683544304,9.45E-07
Tepidiformaceae,Family,0.683544304,2.26E-06
Bacteriovorax,Genus,0.683544304,1.92E-06
Candidatus Promineofilum,Genus,0.683544304,2.06E-06
Chelativorans,Genus,0.683544304,1.75E-06
Coraliomargarita,Genus,0.683544304,9.45E-07
Grimontia,Genus,0.683544304,1.46E-06
Limnoglobus,Genus,0.683544304,1.92E-06
Methanoregula,Genus,0.683544304,2.87E-06
Oceanisphaera,Genus,0.683544304,8.61E-07
Otariodibacter,Genus,0.683544304,9.27E-07
Tepidiforma,Genus,0.683544304,2.26E-06
Desulfarculales,Order,0.681012658,2.32E-06
Desulfarculaceae,Family,0.681012658,2.29E-06
Roseivirgaceae,Family,0.681012658,2.77E-06
Salinivirgaceae,Family,0.681012658,2.41E-06
Thiobacillaceae,Family,0.681012658,1.85E-06
Desulfarculus,Genus,0.681012658,2.29E-06
Glycocaulis,Genus,0.681012658,1.73E-06
Herminiimonas,Genus,0.681012658,1.57E-06
Lautropia,Genus,0.681012658,1.54E-06
Limihaloglobus,Genus,0.681012658,2.21E-06
Methylocella,Genus,0.681012658,1.50E-06
Nibribacter,Genus,0.681012658,2.96E-06
Pelolinea,Genus,0.681012658,3.31E-06
Roseivirga,Genus,0.681012658,2.77E-06
Salinivirga,Genus,0.681012658,2.41E-06
Sediminicola,Genus,0.681012658,1.05E-06
Simplicispira,Genus,0.681012658,1.71E-06
Sulfurihydrogenibium,Genus,0.681012658,6.46E-06
Syntrophobacter,Genus,0.681012658,4.56E-06
Thermodesulfobiaceae,Family,0.678481013,3.26E-06
Amniculibacterium,Genus,0.678481013,1.89E-06
Anaplasma,Genus,0.678481013,2.62E-06
Flavihumibacter,Genus,0.678481013,1.80E-06
Kerstersia,Genus,0.678481013,3.25E-06
Pseudoarcobacter,Genus,0.678481013,2.45E-06
Pyrobaculum,Genus,0.678481013,1.23E-06
Sinimarinibacterium,Genus,0.678481013,8.22E-07
Thermodesulfobium,Genus,0.678481013,3.26E-06
Aliiarcobacter,Genus,0.675949367,3.28E-06
Mycetohabitans,Genus,0.675949367,5.42E-07
Rhodomicrobium,Genus,0.675949367,1.74E-06
Simkaniaceae,Family,0.673417722,6.81E-07
Galbibacter,Genus,0.673417722,1.40E-06
Petrotoga,Genus,0.673417722,3.15E-06
Sagittula,Genus,0.673417722,8.85E-07
Simkania,Genus,0.673417722,6.81E-07
Thermanaerovibrio,Genus,0.673417722,3.10E-06
Salinisphaerales,Order,0.670886076,8.82E-07
Salinisphaeraceae,Family,0.670886076,8.82E-07
Bradymonas,Genus,0.670886076,2.12E-06
Cloacibacterium,Genus,0.670886076,1.51E-06
Curvibacter,Genus,0.670886076,9.75E-07
Denitrovibrio,Genus,0.670886076,2.99E-06
Halosimplex,Genus,0.670886076,1.06E-06
Luteibacter,Genus,0.670886076,2.86E-06
Nitrososphaera,Genus,0.670886076,2.15E-06
Parasphingopyxis,Genus,0.670886076,2.01E-06
Salinisphaera,Genus,0.670886076,8.82E-07
Sulfuricella,Genus,0.670886076,8.86E-07
Sulfuritalea,Genus,0.670886076,1.90E-06
Syntrophus,Genus,0.670886076,3.11E-06
Woeseiaceae,Family,0.66835443,9.45E-07
Halotalea,Genus,0.66835443,9.80E-07
Methylophilus,Genus,0.66835443,1.54E-06
Robiginitalea,Genus,0.66835443,1.56E-06
Roseimaritima,Genus,0.66835443,1.52E-06
Woeseia,Genus,0.66835443,9.45E-07
Desulfurobacteriales,Order,0.665822785,6.12E-06
Desulfurobacteriaceae,Family,0.665822785,6.12E-06
Candidatus Desulforudis,Genus,0.665822785,2.86E-06
Candidatus Doolittlea,Genus,0.665822785,6.59E-07
Gillisia,Genus,0.665822785,1.88E-06
Methanohalophilus,Genus,0.665822785,2.09E-06
Nibricoccus,Genus,0.665822785,1.35E-06
Snodgrassella,Genus,0.665822785,1.58E-06
Trueperales,Order,0.663291139,1.17E-06
Trueperaceae,Family,0.663291139,1.17E-06
Aureitalea,Genus,0.663291139,1.02E-06
Gluconacetobacter,Genus,0.663291139,1.26E-06
Halomicrobium,Genus,0.663291139,8.37E-07
Haloterrigena,Genus,0.663291139,1.38E-06
Marinithermus,Genus,0.663291139,1.02E-06
Microvirgula,Genus,0.663291139,2.02E-06
Mycolicibacillus,Genus,0.663291139,7.78E-07
Truepera,Genus,0.663291139,1.17E-06
Thermosediminibacteraceae,Family,0.660759494,5.01E-06
Arcticibacterium,Genus,0.660759494,2.22E-06
Candidatus Cytomitobacter,Genus,0.660759494,1.32E-06
Dokdonella,Genus,0.660759494,1.19E-06
Halorhabdus,Genus,0.660759494,8.49E-07
Lacunisphaera,Genus,0.660759494,2.11E-06
Persephonella,Genus,0.660759494,1.21E-06
Pseudothermotoga,Genus,0.660759494,4.66E-06
Pseudovibrio,Genus,0.660759494,1.71E-06
Roseitalea,Genus,0.660759494,9.02E-07
Thermosediminibacter,Genus,0.660759494,5.01E-06
Allofrancisella,Genus,0.658227848,4.70E-06
Desulfomonile,Genus,0.658227848,1.76E-06
Melaminivora,Genus,0.658227848,1.00E-06
Methanolacinia,Genus,0.658227848,2.53E-06
Oleispira,Genus,0.658227848,5.39E-07
Pararhodospirillum,Genus,0.658227848,7.67E-07
Tabrizicola,Genus,0.658227848,9.92E-07
Candidatus Koribacter,Genus,0.655696203,2.08E-06
Desulfocurvibacter,Genus,0.655696203,3.32E-06
Ferrovibrio,Genus,0.655696203,1.67E-06
Frischella,Genus,0.655696203,2.83E-06
Limnobacter,Genus,0.655696203,9.61E-07
Methanomassiliicoccus,Genus,0.655696203,3.16E-06
Oceanihabitans,Genus,0.655696203,1.78E-06
Serpentinomonas,Genus,0.655696203,2.01E-06
Sulfuricurvum,Genus,0.655696203,1.03E-06
Hydrogenobacter,Genus,0.653164557,1.88E-06
Monaibacterium,Genus,0.653164557,1.53E-06
Oricola,Genus,0.653164557,1.28E-06
Rhodoplanes,Genus,0.653164557,9.37E-07
Siansivirga,Genus,0.653164557,1.92E-06
Thalassococcus,Genus,0.653164557,7.83E-07
Thalassolituus,Genus,0.653164557,1.20E-06
Thioalkalibacteraceae,Family,0.650632911,1.96E-06
Ahniella,Genus,0.650632911,1.34E-06
Aquaspirillum,Genus,0.650632911,1.20E-06
Guyparkeria,Genus,0.650632911,1.96E-06
Lacimicrobium,Genus,0.650632911,2.78E-06
Mameliella,Genus,0.650632911,2.21E-06
Mycoavidus,Genus,0.650632911,1.11E-06
Pistricoccus,Genus,0.650632911,8.54E-07
Saccharophagus,Genus,0.650632911,8.43E-07
Saccharospirillum,Genus,0.650632911,1.10E-06
Salaquimonas,Genus,0.650632911,2.81E-06
Sterolibacterium,Genus,0.650632911,1.25E-06
Thermanaeromonas,Genus,0.650632911,3.95E-06
Kiritimatiellaeota,Phylum,0.648101266,1.83E-06
Kiritimatiellae,Class,0.648101266,1.83E-06
Acidilobales,Order,0.648101266,1.56E-06
Kiritimatiellales,Order,0.648101266,1.83E-06
Kiritimatiellaceae,Family,0.648101266,1.83E-06
Candidatus Ishikawaella,Genus,0.648101266,7.81E-07
Candidatus Nitrosocosmicus,Genus,0.648101266,1.24E-06
Kiritimatiella,Genus,0.648101266,1.83E-06
Marichromatium,Genus,0.648101266,1.33E-06
Methanoculleus,Genus,0.648101266,2.69E-06
Paraphotobacterium,Genus,0.648101266,1.67E-06
Pelagibaca,Genus,0.648101266,1.12E-06
Permianibacter,Genus,0.648101266,7.80E-07
Costertonia,Genus,0.64556962,7.53E-07
Defluviitoga,Genus,0.64556962,1.98E-06
Maricaulis,Genus,0.64556962,4.59E-07
Pseudolysobacter,Genus,0.64556962,1.70E-06
Silicimonas,Genus,0.64556962,3.90E-07
Elusimicrobia,Class,0.643037975,1.98E-06
Elusimicrobiales,Order,0.643037975,1.98E-06
Candidatus Desulfofervidaceae,Family,0.643037975,1.84E-06
Elusimicrobiaceae,Family,0.643037975,1.98E-06
Oleiphilaceae,Family,0.643037975,1.69E-06
Bergeyella,Genus,0.643037975,1.60E-06
Candidatus Desulfofervidus,Genus,0.643037975,1.84E-06
Elusimicrobium,Genus,0.643037975,1.98E-06
Oleiphilus,Genus,0.643037975,1.69E-06
Orientia,Genus,0.643037975,1.93E-06
Pseudorhodobacter,Genus,0.643037975,2.63E-06
Reinekea,Genus,0.643037975,1.05E-06
Terasakiella,Genus,0.643037975,2.88E-06
Fimbriimonadia,Class,0.640506329,2.77E-06
Fimbriimonadales,Order,0.640506329,2.77E-06
Fimbriimonadaceae,Family,0.640506329,2.77E-06
Candidatus Methylospira,Genus,0.640506329,8.62E-07
Desulfurella,Genus,0.640506329,1.80E-06
Fimbriimonas,Genus,0.640506329,2.77E-06
Muriicola,Genus,0.640506329,1.94E-06
Oblitimonas,Genus,0.640506329,1.07E-06
Spongiibacter,Genus,0.640506329,1.11E-06
Sphaerobacterales,Order,0.637974684,1.06E-06
Sphaerobacteraceae,Family,0.637974684,1.06E-06
Bermanella,Genus,0.637974684,9.18E-07
Brevefilum,Genus,0.637974684,1.25E-06
Calditerrivibrio,Genus,0.637974684,2.61E-06
Candidatus Carsonella,Genus,0.637974684,4.29E-07
Commensalibacter,Genus,0.637974684,1.57E-06
Crenobacter,Genus,0.637974684,9.43E-07
Haematobacter,Genus,0.637974684,1.08E-06
Lentilitoribacter,Genus,0.637974684,1.70E-06
Parasedimentitalea,Genus,0.637974684,1.37E-06
Salinarchaeum,Genus,0.637974684,4.41E-07
Sphaerobacter,Genus,0.637974684,1.06E-06
Steroidobacteraceae,Family,0.635443038,1.67E-06
Wenzhouxiangellaceae,Family,0.635443038,1.42E-06
Ciceribacter,Genus,0.635443038,6.68E-07
Jeongeupia,Genus,0.635443038,7.57E-07
Mariniblastus,Genus,0.635443038,1.52E-06
Paenarthrobacter,Genus,0.635443038,6.11E-07
Pseudohalocynthiibacter,Genus,0.635443038,2.27E-06
Steroidobacter,Genus,0.635443038,1.67E-06
Weeksella,Genus,0.635443038,1.19E-06
Wenzhouxiangella,Genus,0.635443038,1.42E-06
Chthonomonadetes,Class,0.632911392,1.12E-06
Chthonomonadales,Order,0.632911392,1.12E-06
Chthonomonadaceae,Family,0.632911392,1.12E-06
Thermoguttaceae,Family,0.632911392,1.95E-06
Aerosticca,Genus,0.632911392,8.15E-07
Blastomonas,Genus,0.632911392,9.30E-07
Chthonomonas,Genus,0.632911392,1.12E-06
Iodobacter,Genus,0.632911392,1.75E-06
Methanococcoides,Genus,0.632911392,3.12E-06
Methylosinus,Genus,0.632911392,1.09E-06
Natrarchaeobaculum,Genus,0.632911392,8.84E-07
Thermogutta,Genus,0.632911392,1.95E-06
Desulfohalobiaceae,Family,0.630379747,3.10E-06
Acidisarcina,Genus,0.630379747,2.95E-06
Boseongicola,Genus,0.630379747,8.01E-07
Brevirhabdus,Genus,0.630379747,6.85E-07
Candidatus Nitrotoga,Genus,0.630379747,2.22E-06
Desulfohalobium,Genus,0.630379747,3.10E-06
Flagellimonas,Genus,0.630379747,1.82E-06
Marinovum,Genus,0.630379747,1.20E-06
Metallosphaera,Genus,0.630379747,1.45E-06
Oligotropha,Genus,0.630379747,8.91E-07
Psychroserpens,Genus,0.630379747,2.13E-06
Sandaracinobacter,Genus,0.630379747,6.34E-07
Thermodesulfovibrio,Genus,0.630379747,3.60E-06
Saprospiraceae,Family,0.627848101,1.48E-06
Methylovulum,Genus,0.627848101,9.13E-07
Saprospira,Genus,0.627848101,1.48E-06
Ammonifex,Genus,0.625316456,1.54E-06
Arenimonas,Genus,0.625316456,7.99E-07
Kineobactrum,Genus,0.625316456,1.77E-06
Parvibaculum,Genus,0.625316456,9.78E-07
Desulfocapsa,Genus,0.62278481,3.58E-06
Desulfoglaeba,Genus,0.62278481,1.65E-06
Flexistipes,Genus,0.62278481,4.09E-06
Gemmobacter,Genus,0.62278481,1.07E-06
Sulfuricaulis,Genus,0.62278481,1.69E-06
Vespertiliibacter,Genus,0.62278481,6.97E-07
Caldiserica,Phylum,0.620253165,1.56E-06
Caldisericia,Class,0.620253165,1.56E-06
Caldisericales,Order,0.620253165,1.56E-06
Caldisericaceae,Family,0.620253165,1.56E-06
Ferroplasmaceae,Family,0.620253165,5.86E-07
Methanocorpusculaceae,Family,0.620253165,2.58E-06
Acidiferrobacter,Genus,0.620253165,5.47E-07
Beggiatoa,Genus,0.620253165,1.15E-06
Caldisericum,Genus,0.620253165,1.56E-06
Cohaesibacter,Genus,0.620253165,3.25E-06
Conchiformibius,Genus,0.620253165,1.61E-06
Desulfurobacterium,Genus,0.620253165,5.03E-06
Ferroplasma,Genus,0.620253165,5.86E-07
Methanocorpusculum,Genus,0.620253165,2.58E-06
Pyruvatibacter,Genus,0.620253165,5.95E-07
Sideroxydans,Genus,0.620253165,1.23E-06
Litoricolaceae,Family,0.617721519,7.16E-07
Candidatus Symbiobacter,Genus,0.617721519,1.46E-06
Cnuibacter,Genus,0.617721519,4.46E-07
Dinoroseobacter,Genus,0.617721519,8.64E-07
Filomicrobium,Genus,0.617721519,1.95E-06
Isosphaera,Genus,0.617721519,1.43E-06
Litoricola,Genus,0.617721519,7.16E-07
Natronorubrum,Genus,0.617721519,9.64E-07
Oryzomicrobium,Genus,0.617721519,1.23E-06
Simiduia,Genus,0.617721519,7.87E-07
Magnetococcales,Order,0.615189873,3.76E-06
Magnetococcaceae,Family,0.615189873,3.76E-06
Gilvibacter,Genus,0.615189873,2.08E-06
Gimesia,Genus,0.615189873,8.11E-07
Halorussus,Genus,0.615189873,7.19E-07
Magnetococcus,Genus,0.615189873,3.76E-06
Methanofollis,Genus,0.615189873,1.22E-06
Neorickettsia,Genus,0.615189873,8.53E-07
Planctopirus,Genus,0.615189873,3.32E-06
Spartinivicinus,Genus,0.615189873,1.84E-06
Hydrogenophilalia,Class,0.612658228,8.89E-07
Hydrogenophilales,Order,0.612658228,8.89E-07
Hydrogenophilaceae,Family,0.612658228,8.89E-07
Lichenihabitantaceae,Family,0.612658228,8.67E-07
Thermofilaceae,Family,0.612658228,6.48E-07
Bremerella,Genus,0.612658228,1.06E-06
Hippea,Genus,0.612658228,1.88E-06
Hydrogenophilus,Genus,0.612658228,8.89E-07
Lawsonia,Genus,0.612658228,2.24E-06
Lichenihabitans,Genus,0.612658228,8.67E-07
Neoasaia,Genus,0.612658228,6.25E-07
Thermofilum,Genus,0.612658228,6.48E-07
Yoonia,Genus,0.612658228,1.10E-06
Tateyamaria,Genus,0.610126582,5.42E-07
Thiobacillus,Genus,0.610126582,1.12E-06
Acidibrevibacterium,Genus,0.607594937,7.40E-07
Roseibacterium,Genus,0.607594937,1.89E-06
Sphingosinithalassobacter,Genus,0.607594937,1.87E-06
Wigglesworthia,Genus,0.607594937,9.73E-07
Asaia,Genus,0.605063291,1.11E-06
Congregibacter,Genus,0.605063291,8.82E-07
Deefgea,Genus,0.605063291,1.10E-06
Desulfobacca,Genus,0.605063291,2.18E-06
Ferriphaselus,Genus,0.605063291,1.26E-06
Halopiger,Genus,0.605063291,6.29E-07
Leeuwenhoekiella,Genus,0.605063291,2.97E-06
Zhongshania,Genus,0.605063291,1.17E-06
Maritalea,Genus,0.602531646,2.50E-06
Methanolobus,Genus,0.602531646,4.49E-06
Singulisphaera,Genus,0.602531646,1.13E-06
Basilea,Genus,0.6,6.55E-07
Haloquadratum,Genus,0.6,8.49E-07
Halorientalis,Genus,0.6,4.97E-07
Lacipirellula,Genus,0.6,9.67E-07
Methanothermobacter,Genus,0.6,1.30E-06
Candidatus Paracaedibacteraceae,Family,0.597468354,9.01E-07
Candidatus Nitrosoglobus,Genus,0.597468354,9.68E-07
Candidatus Paracaedibacter,Genus,0.597468354,9.01E-07
Gallionella,Genus,0.597468354,2.23E-06
Litorilituus,Genus,0.597468354,1.32E-06
Oceanicoccus,Genus,0.597468354,6.67E-07
Thalassobius,Genus,0.597468354,6.25E-07
Enterovibrio,Genus,0.594936709,6.98E-07
Thermosulfurimonas,Genus,0.594936709,1.40E-06
Acetomicrobium,Genus,0.592405063,1.64E-06
Nitrincola,Genus,0.592405063,1.12E-06
Rickettsiella,Genus,0.592405063,3.11E-07
Turneriella,Genus,0.592405063,7.62E-07
Sulfuritortus,Genus,0.589873418,9.59E-07
Mesoaciditogales,Order,0.587341772,2.22E-06
Candidatus Midichloriaceae,Family,0.587341772,9.88E-07
Mesoaciditogaceae,Family,0.587341772,2.22E-06
Athalassotoga,Genus,0.587341772,2.22E-06
Kozakia,Genus,0.587341772,7.62E-07
Thermovirga,Genus,0.587341772,2.41E-06
Bythopirellula,Genus,0.584810127,1.27E-06
Candidatus Phaeomarinobacter,Genus,0.584810127,1.72E-06
Chromohalobacter,Genus,0.584810127,6.87E-07
Hylemonella,Genus,0.584810127,1.13E-06
Pelagibacterium,Genus,0.584810127,1.92E-06
Terricaulis,Genus,0.584810127,1.46E-06
Thermosulfuriphilus,Genus,0.584810127,2.49E-06
Cetia,Genus,0.582278481,2.26E-06
Methylovirgula,Genus,0.582278481,5.95E-07
Thioclava,Genus,0.582278481,1.26E-06
Altibacter,Genus,0.579746835,1.71E-06
Alysiella,Genus,0.579746835,5.52E-07
Confluentimicrobium,Genus,0.579746835,9.71E-07
Paenalcaligenes,Genus,0.579746835,9.22E-07
Salinigranum,Genus,0.579746835,5.73E-07
Allochromatium,Genus,0.57721519,5.39E-07
Rhodobaca,Genus,0.57721519,1.92E-06
Aminobacterium,Genus,0.574683544,2.30E-06
Beijerinckia,Genus,0.572151899,6.42E-07
Breoghania,Genus,0.572151899,7.38E-07
Candidatus Amoebophilus,Genus,0.572151899,1.18E-06
Chloroherpeton,Genus,0.572151899,1.96E-06
Croceibacter,Genus,0.572151899,2.21E-06
Methanohalobium,Genus,0.572151899,1.41E-06
Pyrodictiaceae,Family,0.569620253,9.03E-07
Oligella,Genus,0.569620253,1.02E-06
Variibacter,Genus,0.569620253,6.52E-07
Candidatus Methanomethylophilaceae,Family,0.567088608,8.42E-07
Candidatus Methanomethylophilus,Genus,0.567088608,8.42E-07
Georhizobium,Genus,0.567088608,7.81E-07
Methanospirillaceae,Family,0.564556962,3.88E-06
Candidatus Hoaglandella,Genus,0.564556962,2.70E-07
Candidatus Tachikawaea,Genus,0.564556962,3.92E-07
Methanospirillum,Genus,0.564556962,3.88E-06
Rhizorhabdus,Genus,0.564556962,1.17E-06
Rhodopirellula,Genus,0.562025316,1.16E-06
Aromatoleum,Genus,0.559493671,7.36E-07
Candidatus Babeliae,Class,0.556962025,8.31E-07
Candidatus Babeliales,Order,0.556962025,8.31E-07
Candidatus Babeliaceae,Family,0.556962025,8.31E-07
Bacterioplanes,Genus,0.556962025,6.36E-07
Candidatus Babela,Genus,0.556962025,6.94E-07
Fluoribacter,Genus,0.556962025,1.72E-06
Halapricum,Genus,0.556962025,7.34E-07
Halocynthiibacter,Genus,0.556962025,1.82E-06
Marivivens,Genus,0.556962025,7.32E-07
Oceanithermus,Genus,0.556962025,1.41E-06
Tatlockia,Genus,0.556962025,1.49E-06
Wolinella,Genus,0.55443038,1.28E-06
Candidatus Fonsibacter,Genus,0.551898734,7.91E-07
Desulfurococcus,Genus,0.551898734,9.50E-07
Methanoplanus,Genus,0.551898734,2.49E-06
Coprothermobacterota,Phylum,0.549367089,8.87E-07
Coprothermobacteria,Class,0.549367089,8.87E-07
Coprothermobacterales,Order,0.549367089,8.87E-07
Thermomicrobiales,Order,0.549367089,5.42E-07
Coprothermobacteraceae,Family,0.549367089,8.87E-07
Thermomicrobiaceae,Family,0.549367089,5.42E-07
Bombella,Genus,0.549367089,9.13E-07
Coprothermobacter,Genus,0.549367089,8.87E-07
Dehalogenimonas,Genus,0.549367089,3.08E-06
Ephemeroptericola,Genus,0.549367089,7.46E-07
Halobiforma,Genus,0.549367089,6.93E-07
Halogeometricum,Genus,0.549367089,4.16E-07
Maribius,Genus,0.549367089,8.13E-07
Staphylothermus,Genus,0.549367089,1.26E-06
Thermomicrobium,Genus,0.549367089,5.42E-07
Halovivax,Genus,0.546835443,6.31E-07
Methanomethylovorans,Genus,0.546835443,1.93E-06
Halarchaeum,Genus,0.544303797,4.64E-07
Geoglobus,Genus,0.539240506,2.79E-06
Caedimonadaceae,Family,0.536708861,3.89E-07
Candidatus Nucleicultrix,Genus,0.536708861,3.89E-07
Candidatus Sneabacter,Genus,0.536708861,4.24E-07
Methanosalsum,Genus,0.536708861,2.06E-06
Novosphingopyxis,Genus,0.536708861,8.52E-07
Thermoproteus,Genus,0.536708861,7.38E-07
Methanotorris,Genus,0.534177215,2.57E-06
Caldimicrobium,Genus,0.53164557,1.37E-06
Candidatus Phycorickettsia,Genus,0.53164557,9.23E-07
Candidatus Purcelliella,Genus,0.53164557,2.30E-07
Ferroglobus,Genus,0.53164557,1.09E-06
Haematospirillum,Genus,0.53164557,1.31E-06
Neochlamydia,Genus,0.53164557,1.23E-06
Acidilobaceae,Family,0.529113924,5.57E-07
Ichthyobacteriaceae,Family,0.529113924,6.21E-07
Acidilobus,Genus,0.529113924,5.57E-07
Frederiksenia,Genus,0.529113924,6.00E-07
Ichthyobacterium,Genus,0.529113924,6.21E-07
Thermovibrio,Genus,0.529113924,9.62E-07
Parvularculales,Order,0.526582278,4.28E-07
Parvularculaceae,Family,0.526582278,4.28E-07
Picrophilaceae,Family,0.526582278,9.72E-07
Candidatus Hepatoplasma,Genus,0.526582278,6.20E-07
Entomomonas,Genus,0.526582278,1.02E-06
Halolamina,Genus,0.526582278,5.28E-07
Parvularcula,Genus,0.526582278,4.28E-07
Picrophilus,Genus,0.526582278,9.72E-07
Caldisphaeraceae,Family,0.524050633,9.64E-07
Waddliaceae,Family,0.524050633,8.41E-07
Caldisphaera,Genus,0.524050633,9.64E-07
Waddlia,Genus,0.524050633,8.41E-07
Citromicrobium,Genus,0.521518987,1.21E-06
Natronobacterium,Genus,0.521518987,4.41E-07
Methanothermococcus,Genus,0.518987342,1.80E-06
Frateuria,Genus,0.513924051,8.34E-07
Halostagnicola,Genus,0.513924051,4.76E-07
Saccharolobus,Genus,0.513924051,4.12E-07
Cuniculiplasmataceae,Family,0.511392405,8.34E-07
Cuniculiplasma,Genus,0.511392405,8.34E-07
Halobellus,Genus,0.511392405,4.78E-07
Thermoplasmataceae,Family,0.506329114,8.79E-07
Halopenitus,Genus,0.506329114,2.68E-07
Parasaccharibacter,Genus,0.506329114,6.82E-07
Thermoplasma,Genus,0.506329114,8.79E-07
Candidatus Midichloria,Genus,0.503797468,8.35E-07
Planktomarina,Genus,0.503797468,6.98E-07
Natrialba,Genus,0.501265823,4.83E-07
Methanothermaceae,Family,0.498734177,7.91E-07
Methanothermus,Genus,0.498734177,7.91E-07
Dichelobacter,Genus,0.496202532,4.68E-07
Halostella,Genus,0.493670886,5.62E-07
Palaeococcus,Genus,0.493670886,9.90E-07
Natronococcus,Genus,0.491139241,3.39E-07
Candidatus Evansia,Genus,0.488607595,8.81E-07
Candidatus Methanoplasma,Genus,0.488607595,8.25E-07
Fervidicoccales,Order,0.486075949,4.22E-07
Fervidicoccaceae,Family,0.486075949,4.22E-07
Fervidicoccus,Genus,0.486075949,4.22E-07
Vulcanisaeta,Genus,0.486075949,3.05E-06
Methanosphaerula,Genus,0.481012658,7.16E-07
Stygiolobus,Genus,0.481012658,2.55E-06
Candidatus Deianiraeaceae,Family,0.478481013,9.80E-07
Candidatus Deianiraea,Genus,0.478481013,9.80E-07
Aeropyrum,Genus,0.473417722,3.01E-07
Salarchaeum,Genus,0.473417722,3.09E-07
Candidatus Portiera,Genus,0.46835443,2.96E-07
Halodesulfurarchaeum,Genus,0.46835443,4.07E-07
Haloprofundus,Genus,0.460759494,3.80E-07
Massilistercora,Genus,0.458227848,3.93E-06
Candidatus Nitrosocaldales,Order,0.450632911,3.73E-07
Candidatus Nitrosocaldaceae,Family,0.450632911,3.73E-07
Candidatus Nitrosocaldus,Genus,0.450632911,3.73E-07
Methanopyri,Class,0.448101266,4.39E-07
Methanopyrales,Order,0.448101266,4.39E-07
Methanopyraceae,Family,0.448101266,4.39E-07
Methanopyrus,Genus,0.448101266,4.39E-07
Aquifex,Genus,0.443037975,1.00E-06
Pajaroellobacter,Genus,0.443037975,1.19E-06
Sulfodiicoccus,Genus,0.437974684,5.93E-07
Halalkalicoccus,Genus,0.432911392,6.83E-07
Halanaeroarchaeum,Genus,0.432911392,3.33E-07
Qipengyuania,Genus,0.430379747,4.61E-07
Sulfuracidifex,Genus,0.42278481,7.44E-07
Candidatus Mikella,Genus,0.417721519,2.18E-07
Candidatus Annandia,Genus,0.410126582,2.37E-07
Candidatus Nesciobacter,Genus,0.402531646,5.62E-07
Pyrolobus,Genus,0.392405063,8.35E-07
Thermogladius,Genus,0.389873418,4.28E-07
Pyrodictium,Genus,0.374683544,3.52E-07
Caldivirga,Genus,0.35443038,2.33E-07
Candidatus Fokinia,Genus,0.35443038,4.95E-07
Ignicoccus,Genus,0.35443038,3.85E-07
Thermosphaera,Genus,0.341772152,3.67E-07
Chroococcidiopsidales,Order,0.283544304,7.90E-07
Chroococcidiopsidaceae,Family,0.283544304,7.90E-07
Chroococcidiopsis,Genus,0.283544304,7.90E-07
Gloeoemargaritales,Order,0.278481013,1.81E-06
Gloeomargaritaceae,Family,0.278481013,1.81E-06
Gloeomargarita,Genus,0.278481013,1.81E-06
Candidatus Saccharibacteria,Phylum,0.263291139,7.57E-07
Candidatus Izimaplasma,Genus,0.250632911,3.08E-07
Hyperthermus,Genus,0.230379747,2.45E-07
Sulfobacillus,Genus,0.192405063,2.56E-07
Candidatus Gracilibacteria,Phylum,0.189873418,1.35E-06
Nitrosopumilales,Order,0.169620253,2.24E-06
Nitrosopumilaceae,Family,0.169620253,2.24E-06
Nitrosopumilus,Genus,0.156962025,1.38E-06
Pleurocapsales,Order,0.139240506,2.92E-06
Dermocarpellaceae,Family,0.136708861,2.43E-06
Stanieria,Genus,0.136708861,2.43E-06
Fibrisoma,Genus,0.134177215,3.29E-07
Microscillaceae,Family,0.116455696,1.76E-06
Microscilla,Genus,0.116455696,1.76E-06
Candidatus Bipolaricaulota,Phylum,0.103797468,3.76E-07
Hyellaceae,Family,0.103797468,8.01E-07
Nitrosarchaeum,Genus,0.103797468,6.58E-07
Pleurocapsa,Genus,0.103797468,8.01E-07
Criblamydiaceae,Family,0.098734177,1.73E-07
Candidatus Nitrosomarinus,Genus,0.093670886,1.61E-07
Vampirococcus,Genus,0.083544304,4.06E-07
Acutalibacter,Genus,0.073417722,2.87E-07
Criblamydia,Genus,0.073417722,1.09E-07
Estrella,Genus,0.030379747,1.77E-07
Fastidiosibacteraceae,Family,0.007594937,1.46E-06
Caedibacter,Genus,0.007594937,1.46E-06
Couchioplanes,Genus,0.005063291,1.24E-07
Synechococcales,Order,0.002531646,2.69E-07
Synechococcaceae,Family,0.002531646,2.69E-07
Synechococcus,Genus,0.002531646,2.69E-07